race_id,date,venue,lane,player_id,global_win_rate,global_2rate,local_win_rate,local_2rate,local_race_cnt,grade_period,avg_st,course_rank1,course_count,course_rank2,recent10_avg_rank,recent10_win_rate,recent10_st_mean,recent10_count,exhibit_time_raw,exhibit_time_rel,start_timing,motor_2rate,motor_2rate_rel,wind_speed,wave_height,temperature,score_total_current,model_version,is_winner
149621,2026-09-21,桐生,1,5184,3.36,14.2,0.0833,0.0833,12,B2,0.25,4,15,4,4.2,0.1,0.173,10,6.76,0.8333,0.16,33.84,0.2343,2,1,23,43.94,v2_lr,0
149621,2026-09-21,桐生,2,3357,4.01,20.3,0.1111,0.2222,9,B1,0.19,3,71,14,4.2,0,0.206,10,6.91,0,0.11,33.33,0.204,2,1,23,25.81,v2_lr,0
149621,2026-09-21,桐生,3,4720,4.05,15.9,0.0909,0.3636,11,B1,0.18,5,63,12,4.8,0,0.221,10,6.89,0.1111,0.16,29.89,0,2,1,23,14.58,v2_lr,0
149621,2026-09-21,桐生,4,5265,3.47,14.1,0,0,10,B1,0.15,6,76,10,3.9,0.1,0.142,10,6.75,0.8889,0.17,31.55,0.0985,2,1,23,7.17,v2_lr,0
149621,2026-09-21,桐生,5,5415,1.29,0,0,0,18,B2,,0,51,0,5.1,0,0.178,10,6.73,1,0.17,46.75,1,2,1,23,4.46,v2_lr,0
149621,2026-09-21,桐生,6,4690,0,0,0,0.2,5,B2,,1,17,2,2.7,0.3,0.193,10,6.85,0.3333,0.11,41.81,0.707,2,1,23,4.05,v2_lr,1
149622,2026-09-21,桐生,1,5185,5.15,31.8,0,0,10,B1,0.12,32,60,41,2.8,0.4,0.151,10,7,0.125,0.06,31.61,0,1,1,22,27.5,v2_lr,1
149622,2026-09-21,桐生,2,5061,3.69,17.6,0.0952,0.2857,21,B1,0.17,3,56,8,5.3,0,0.179,10,6.9,0.75,0,38.86,0.382,1,1,22,25.34,v2_lr,0
149622,2026-09-21,桐生,3,4330,5.97,40.6,0.5,1,2,A2,0.12,13,65,36,2.3,0.4,0.12,10,7.02,0,0.06,50.59,1,1,1,22,29.25,v2_lr,0
149622,2026-09-21,桐生,4,4654,6.28,43.9,0.0769,0.3077,13,A1,0.16,6,67,23,2.9,0.1,0.109,10,7.01,0.0625,-0.01,34.48,0.1512,1,1,22,6.41,v2_lr,0
149622,2026-09-21,桐生,5,3659,5.68,36,0.1481,0.4167,108,A2,0.16,2,65,9,4.2,0,0.184,10,6.9,0.75,0.08,36.97,0.2824,1,1,22,8.92,v2_lr,0
149622,2026-09-21,桐生,6,5179,3.83,20.8,0.0556,0.1111,18,B1,0.19,0,47,1,4.4,0,0.216,10,6.86,1,0.02,35.79,0.2202,1,1,22,2.58,v2_lr,0
149623,2026-09-21,桐生,1,5335,2.23,7.2,0.1111,0.2222,9,B1,0.19,4,15,6,4.3,0.2,0.149,10,6.87,0.3333,-0.02,37.31,0.6804,1,1,22,26.54,v2_lr,0
149623,2026-09-21,桐生,2,4819,5.66,35.5,0.2041,0.4082,49,A2,0.17,15,66,36,4.2,0,0.135,10,6.93,0,0.24,28.03,0,1,1,22,23.71,v2_lr,0
149623,2026-09-21,桐生,3,4501,4.92,31.3,0.3333,0.5,12,B1,0.14,13,86,35,3.9,0.2,0.126,10,6.75,1,0.19,35.26,0.5301,1,1,22,38.27,v2_lr,1
149623,2026-09-21,桐生,4,5436,1.07,0,0,0,1,B2,,0,13,0,5.9,0,0.229,10,6.77,0.8889,-0.01,30.22,0.1606,1,1,22,4.38,v2_lr,0
149623,2026-09-21,桐生,5,3994,5.3,32.7,0,0.2727,11,B1,0.2,2,66,8,4.5,0,0.188,10,6.82,0.6111,0.03,41.67,1,1,1,22,2.84,v2_lr,0
149623,2026-09-21,桐生,6,4373,6.4,42.5,0.1818,0.5455,11,A1,0.19,0,69,7,3.8,0.3,0.182,10,6.84,0.5,0.07,38.31,0.7537,1,1,22,4.26,v2_lr,0
149624,2026-09-21,桐生,1,3054,4.87,29.5,0.25,0.4167,12,B1,0.19,25,53,34,3.6,0,0.204,10,6.86,0.9565,0.03,39.41,0.8294,1,1,22,31.29,v2_lr,0
149624,2026-09-21,桐生,2,4892,4.86,31.7,0.1667,0.3333,6,B1,0.17,9,73,33,3.2,0.3,0.158,10,7.06,0.087,0.17,41.1,0.951,1,1,22,16,v2_lr,0
149624,2026-09-21,桐生,3,3654,6.17,46.6,0.4211,0.6316,19,A2,0.16,14,75,38,2.9,0.2,0.118,10,6.85,1,0.27,32.83,0.3557,1,1,22,31.16,v2_lr,1
149624,2026-09-21,桐生,4,3740,6.41,49.6,0.3086,0.5185,81,A1,0.19,9,67,21,2.7,0.1,0.134,10,7.07,0.0435,0.09,41.78,1,1,1,22,17.46,v2_lr,0
149624,2026-09-21,桐生,5,5427,2.44,2.1,0,0,24,B1,,0,49,3,4.6,0,0.172,10,6.9,0.7826,0.02,36.79,0.6407,1,1,22,2.16,v2_lr,0
149624,2026-09-21,桐生,6,4228,5.87,40.1,0.1579,0.3158,19,A2,0.17,1,74,10,4,0.1,0.167,10,7.08,0,0.14,27.89,0,1,1,22,1.93,v2_lr,0
149625,2026-09-21,桐生,1,4414,4.4,31.3,0.125,0.2083,24,B1,0.16,14,42,26,3.9,0,0.139,10,6.95,0.05,0.03,41.18,0.6965,2,1,22,36.23,v2_lr,0
149625,2026-09-21,桐生,2,5213,5.07,32.4,0.1404,0.3158,57,B1,0.17,10,77,37,3.4,0.1,0.185,10,6.76,1,0.06,37.58,0.4744,2,1,22,38.56,v2_lr,1
149625,2026-09-21,桐生,3,5250,3.94,17.4,0,0,1,B1,0.2,2,55,12,4,0,0.165,10,6.78,0.9,0.25,46.1,1,2,1,22,11.69,v2_lr,0
149625,2026-09-21,桐生,4,4690,0,0,0,0.2,5,B2,,1,15,3,2.7,0.3,0.193,10,6.96,0,0.21,41.81,0.7353,2,1,22,8.29,v2_lr,0
149625,2026-09-21,桐生,5,4720,4.05,15.9,0.0909,0.3636,11,B1,0.18,0,56,3,4.8,0,0.221,10,6.88,0.4,0.17,29.89,0,2,1,22,4.11,v2_lr,0
149625,2026-09-21,桐生,6,4642,6.08,47.4,0,0.5,2,A2,0.15,4,54,10,3.6,0.1,0.154,10,6.93,0.15,0.12,33.49,0.2221,2,1,22,1.12,v2_lr,0
149626,2026-09-21,桐生,1,3792,6.62,50.5,0.1379,0.3103,29,A1,0.17,40,72,62,3.3,0,0.177,10,6.96,0,0.05,27.68,0,0,0,22,32.33,v2_lr,0
149626,2026-09-21,桐生,2,3538,4.58,23,0.1296,0.2778,54,B2,0.22,4,49,18,4.2,0,0.179,10,6.96,0,0.13,41.54,0.9545,0,0,22,25.09,v2_lr,0
149626,2026-09-21,桐生,3,5114,5.32,36.8,0.1667,0.5,12,B1,0.15,14,86,35,4.1,0,0.177,10,6.92,0.1905,0.08,42.2,1,0,0,22,29.01,v2_lr,1
149626,2026-09-21,桐生,4,4872,4.5,25.6,0.0357,0.2143,28,B1,0.15,5,68,16,3.7,0.1,0.204,10,6.82,0.6667,0.05,32.16,0.3085,0,0,22,6.74,v2_lr,0
149626,2026-09-21,桐生,5,5185,5.15,31.8,0,0,10,B1,0.12,5,70,13,2.8,0.4,0.151,10,6.86,0.4762,0.06,31.61,0.2707,0,0,22,4.9,v2_lr,0
149626,2026-09-21,桐生,6,3352,4.51,11.4,0,0.0625,16,B1,,7,240,33,3,0,0.136,10,6.75,1,0.21,36.36,0.5978,0,0,22,1.94,v2_lr,0
149627,2026-09-21,桐生,1,4627,6.18,46.4,0.2727,0.3636,11,A2,0.11,41,72,53,3.9,0.1,0.151,10,6.75,0.8182,0.12,28.18,0,2,1,22,42.43,v2_lr,1
149627,2026-09-21,桐生,2,4746,5.27,28.3,0.2353,0.4706,17,B1,0.23,8,56,28,3.2,0.3,0.132,10,6.8,0.3636,0.16,34.74,0.3533,2,1,22,29.49,v2_lr,0
149627,2026-09-21,桐生,3,4373,6.4,42.5,0.1818,0.5455,11,A1,0.19,9,71,30,3.8,0.3,0.182,10,6.73,1,0.09,38.31,0.5455,2,1,22,21.78,v2_lr,0
149627,2026-09-21,桐生,4,5415,1.29,0,0,0,18,B2,,0,9,0,5.1,0,0.178,10,6.84,0,0.07,46.75,1,2,1,22,3.04,v2_lr,0
149627,2026-09-21,桐生,5,5184,3.36,14.2,0.0833,0.0833,12,B2,0.25,0,32,2,4.2,0.1,0.173,10,6.84,0,0.13,33.84,0.3048,2,1,22,2.53,v2_lr,0
149627,2026-09-21,桐生,6,5437,1.28,2.1,0,0,1,B2,,0,61,1,5.9,0,0.271,10,6.81,0.2727,0.18,29.65,0.0792,2,1,22,0.72,v2_lr,0
149628,2026-09-21,桐生,1,4834,5.81,35.8,0.2963,0.4074,27,A2,0.15,60,87,74,3.5,0.2,0.141,10,6.86,1,0.07,32.16,0.0397,2,1,22,38.13,v2_lr,1
149628,2026-09-21,桐生,2,5179,3.83,20.8,0.0556,0.1111,18,B1,0.19,4,49,8,4.4,0,0.216,10,6.95,0.4706,0.08,35.79,0.4296,2,1,22,13.99,v2_lr,0
149628,2026-09-21,桐生,3,5201,5.45,34.4,0.1429,0.1429,7,B2,0.25,4,35,10,4.4,0.1,0.2,10,6.87,0.9412,0.04,31.79,0,2,1,22,16.12,v2_lr,0
149628,2026-09-21,桐生,4,4485,5.26,32.7,0.1818,0.5909,22,B1,0.17,11,73,25,2.8,0.3,0.133,10,6.91,0.7059,-0.07,37.88,0.6541,2,1,22,14.07,v2_lr,0
149628,2026-09-21,桐生,5,4311,6.53,48.7,0.3333,0.4444,18,A1,0.12,7,61,21,2.7,0.5,0.161,10,6.96,0.4118,-0.07,34.41,0.2814,2,1,22,15.22,v2_lr,0
149628,2026-09-21,桐生,6,4892,4.86,31.7,0.1667,0.3333,6,B1,0.17,1,48,4,3.2,0.3,0.158,10,7.03,0,-0.04,41.1,1,2,1,22,2.46,v2_lr,0
149629,2026-09-21,桐生,1,4065,4.76,35.7,0.3182,0.5,22,B1,0.16,38,66,48,3.4,0.3,0.156,10,6.7,0.2381,0.1,29.79,0.1241,1,1,23,39.62,v2_lr,0
149629,2026-09-21,桐生,2,5265,3.47,14.1,0,0,10,B1,0.15,2,61,8,3.9,0.1,0.142,10,6.64,0.5238,-0.06,31.55,0.2482,1,1,23,13.02,v2_lr,0
149629,2026-09-21,桐生,3,5195,5.53,35.6,0,0,2,A2,0.14,6,57,15,3.3,0.2,0.13,10,6.74,0.0476,-0.06,34.31,0.4429,1,1,23,32.69,v2_lr,1
149629,2026-09-21,桐生,4,4987,4.09,19.1,0.0959,0.2466,73,B1,0.16,0,54,6,4,0,0.172,10,6.54,1,0.19,42.21,1,1,1,23,10.32,v2_lr,0
149629,2026-09-21,桐生,5,5436,1.07,0,0,0,1,B2,,0,37,0,5.9,0,0.229,10,6.69,0.2857,0.25,30.22,0.1544,1,1,23,1.34,v2_lr,0
149629,2026-09-21,桐生,6,4819,5.66,35.5,0.2041,0.4082,49,A2,0.17,1,66,7,4.2,0,0.135,10,6.75,0,0.31,28.03,0,1,1,23,3.01,v2_lr,0
149630,2026-09-21,桐生,1,3659,5.68,36,0.1481,0.4167,108,A2,0.16,34,65,47,4.2,0,0.184,10,6.83,0.5,0.12,36.97,0.261,0,0,23,30.47,v2_lr,1
149630,2026-09-21,桐生,2,4872,4.5,25.6,0.0357,0.2143,28,B1,0.15,7,71,19,3.7,0.1,0.204,10,6.84,0.45,0.02,32.16,0,0,0,23,13.31,v2_lr,0
149630,2026-09-21,桐生,3,4434,6.14,45.8,0.1667,0.5,12,A2,0.15,14,77,33,3.2,0.1,0.179,10,6.93,0,0.02,38.2,0.3277,0,0,23,14.33,v2_lr,0
149630,2026-09-21,桐生,4,3654,6.17,46.6,0.4211,0.6316,19,A2,0.16,16,75,30,2.9,0.2,0.118,10,6.9,0.15,0.07,32.83,0.0364,0,0,23,29.96,v2_lr,0
149630,2026-09-21,桐生,5,3352,4.51,11.4,0,0.0625,16,B1,,2,115,20,3,0,0.136,10,6.89,0.2,0.14,36.36,0.2279,0,0,23,1.79,v2_lr,0
149630,2026-09-21,桐生,6,4330,5.97,40.6,0.5,1,2,A2,0.12,0,62,3,2.3,0.4,0.12,10,6.73,1,0.04,50.59,1,0,0,23,10.15,v2_lr,0
149631,2026-09-21,桐生,1,4443,5.4,33.3,0.5,0.5,2,B1,0.16,32,79,49,3.2,0.2,0.213,10,6.97,0,0.16,49.04,1,3,2,23,36.36,v2_lr,0
149631,2026-09-21,桐生,2,4478,6.37,43.2,0.2,0.5,30,A1,0.14,16,74,43,2.9,0.2,0.143,10,6.75,0.9167,0.16,30.93,0.1318,3,2,23,27.27,v2_lr,0
149631,2026-09-21,桐生,3,3357,4.01,20.3,0.1111,0.2222,9,B1,0.19,1,68,11,4.2,0,0.206,10,6.95,0.0833,0.25,33.33,0.2469,3,2,23,8.09,v2_lr,0
149631,2026-09-21,桐生,4,5335,2.23,7.2,0.1111,0.2222,9,B1,0.19,2,74,7,4.3,0.2,0.149,10,6.96,0.0417,0.18,37.31,0.4377,3,2,23,4.54,v2_lr,0
149631,2026-09-21,桐生,5,4627,6.18,46.4,0.2727,0.3636,11,A2,0.11,6,56,13,3.9,0.1,0.151,10,6.73,1,0.17,28.18,0,3,2,23,22.56,v2_lr,1
149632,2026-09-21,桐生,1,3740,6.41,49.6,0.3086,0.5185,81,A1,0.19,59,95,79,2.7,0.1,0.134,10,6.82,1,0.22,41.78,1,4,3,23,33,v2_lr,0
149632,2026-09-21,桐生,2,4351,7.01,53.1,0.2308,0.5385,13,A1,0.15,18,68,37,2.4,0.2,0.125,10,6.95,0.35,-0.07,27.84,0.0113,4,3,23,27.98,v2_lr,1
149632,2026-09-21,桐生,3,3792,6.62,50.5,0.1379,0.3103,29,A1,0.17,8,63,27,3.3,0,0.177,10,7.02,0,-0.07,27.68,0,4,3,23,10.51,v2_lr,0
149632,2026-09-21,桐生,4,4311,6.53,48.7,0.3333,0.4444,18,A1,0.12,7,81,27,2.7,0.5,0.161,10,7.02,0,-0.03,34.41,0.4773,4,3,23,17.11,v2_lr,0
149632,2026-09-21,桐生,5,4798,6.37,41.9,0.2581,0.4194,31,A1,0.13,8,73,18,2.4,0.3,0.102,10,6.93,0.45,0.08,33.67,0.4248,4,3,23,9.89,v2_lr,0
149632,2026-09-21,桐生,6,4654,6.28,43.9,0.0769,0.3077,13,A1,0.16,2,61,8,2.9,0.1,0.109,10,6.9,0.6,0.21,34.48,0.4823,4,3,23,1.52,v2_lr,0
149657,2026-09-21,多摩川,1,4264,6.93,54.4,0.2857,0.4286,7,A1,0.15,93,132,111,3.9,0.2,0.162,10,6.72,0.5333,0.07,35.56,0.9072,1,2,23,42.66,v2_lr,1
149657,2026-09-21,多摩川,2,4398,6.66,49.2,0.0667,0.2,15,A1,0.14,22,84,44,4.3,0,0.142,10,6.67,0.8667,0.14,34.09,0.7122,1,2,23,20.4,v2_lr,0
149657,2026-09-21,多摩川,3,4828,6.34,44.1,0.2121,0.4242,33,A1,0.17,15,75,33,4.4,0.1,0.175,10,6.74,0.4,0.13,35,0.8329,1,2,23,23.37,v2_lr,0
149657,2026-09-21,多摩川,4,5026,6.27,48.2,0,0.2857,7,A1,0.17,8,69,31,4,0,0.15,10,6.65,1,0.16,36.26,1,1,2,23,5.83,v2_lr,0
149657,2026-09-21,多摩川,5,5279,4.94,35.9,0.2,0.3556,45,B1,0.18,4,66,15,3.5,0.1,0.124,10,6.75,0.3333,0.24,28.72,0,1,2,23,6.38,v2_lr,0
149657,2026-09-21,多摩川,6,4734,7.35,57.9,0.0625,0.0625,16,A1,0.13,8,81,18,3.7,0.2,0.14,10,6.8,0,0.2,31.52,0.3714,1,2,23,1.35,v2_lr,0
149658,2026-09-21,多摩川,1,4371,7.18,45.1,0.1429,0.2857,7,A1,0.13,64,86,77,3.1,0.2,0.144,10,6.75,0.4706,-0.02,33.94,0.2762,0,2,22,24.51,v2_lr,1
149658,2026-09-21,多摩川,2,4364,6.53,46.6,0.16,0.36,25,A1,0.14,17,74,35,3.8,0.1,0.118,10,6.72,0.6471,0.08,36.89,0.5194,0,2,22,17.38,v2_lr,0
149658,2026-09-21,多摩川,3,4604,6.93,44.6,0.2222,0.5556,18,A1,0.13,9,87,39,2.8,0.1,0.126,10,6.66,1,0.05,37,0.5284,0,2,22,18.17,v2_lr,0
149658,2026-09-21,多摩川,4,4188,7.96,64.1,0.4419,0.5814,43,A1,0.13,20,70,38,2.5,0.3,0.095,10,6.83,0,0.12,34.12,0.291,0,2,22,21.16,v2_lr,0
149658,2026-09-21,多摩川,5,4524,6.85,40,0.25,0.25,8,A1,0.14,4,74,16,3.6,0.2,0.149,10,6.71,0.7059,0.01,42.72,1,0,2,22,8.42,v2_lr,0
149658,2026-09-21,多摩川,6,4719,7.28,45.6,0.4231,0.5769,26,A1,0.14,4,76,14,3.1,0.3,0.12,10,6.78,0.2941,0.11,30.59,0,0,2,22,10.37,v2_lr,0
149659,2026-09-21,多摩川,1,4335,7.24,53.9,0.2564,0.4231,78,A1,0.12,78,112,95,3.9,0.2,0.113,10,6.73,0.1852,0.01,43.75,1,1,2,22,29.76,v2_lr,0
149659,2026-09-21,多摩川,2,4030,6.64,36.2,0.1538,0.3846,26,A1,0.15,4,73,28,3,0.2,0.11,10,6.73,0.1852,0.12,37,0.6499,1,2,22,18.82,v2_lr,0
149659,2026-09-21,多摩川,3,5331,4.13,25,0.2278,0.3671,79,B1,0.17,9,61,13,4.5,0.1,0.142,10,6.7,0.2963,0.12,28.42,0.2049,1,2,22,16.6,v2_lr,0
149659,2026-09-21,多摩川,4,3984,6.86,47.8,0.1111,0.3556,45,A1,0.18,6,77,19,4.4,0,0.143,10,6.73,0.1852,0.22,41.38,0.8771,1,2,22,6.13,v2_lr,0
149659,2026-09-21,多摩川,5,4571,6.55,46.2,0.5,0.5625,16,A1,0.13,12,62,25,3,0.5,0.105,10,6.51,1,0.1,24.47,0,1,2,22,27.16,v2_lr,0
149659,2026-09-21,多摩川,6,4715,6.35,41.9,0,0.125,8,A1,0.13,3,65,10,3.5,0.2,0.114,10,6.78,0,0.26,32.69,0.4263,1,2,22,1.53,v2_lr,1
149660,2026-09-21,多摩川,1,4847,6.49,44.4,0.25,0.4667,60,A1,0.13,63,85,72,2.8,0.3,0.103,10,6.7,1,0.04,23.71,0,1,2,22,27.76,v2_lr,1
149660,2026-09-21,多摩川,2,4238,8.24,63.7,0.375,0.5625,32,A1,0.19,14,61,30,2.9,0.2,0.12,10,6.75,0.375,0.09,34.69,0.7837,1,2,22,27.48,v2_lr,0
149660,2026-09-21,多摩川,3,4096,6.32,48.5,0.4286,0.4286,7,A1,0.18,6,68,26,2.7,0.4,0.119,10,6.76,0.25,0.12,37.5,0.9843,1,2,22,22.91,v2_lr,0
149660,2026-09-21,多摩川,4,4704,6.53,47.9,0.125,0.375,8,A1,0.14,15,87,38,3.8,0.1,0.089,10,6.78,0,0.07,36.63,0.9222,1,2,22,5.57,v2_lr,0
149660,2026-09-21,多摩川,5,4907,6.75,50,0.2143,0.4643,28,A1,0.14,8,66,19,3.1,0.1,0.146,10,6.78,0,0.05,36.73,0.9293,1,2,22,6.15,v2_lr,0
149660,2026-09-21,多摩川,6,3779,6.44,36.2,0.375,0.5,8,A1,0.12,11,74,20,3.1,0.3,0.075,10,6.72,0.75,-0.01,37.72,1,1,2,22,10.13,v2_lr,0
149661,2026-09-21,多摩川,1,4166,6.86,44.2,0.3043,0.5217,23,A1,0.14,94,119,113,3.5,0.1,0.102,10,6.72,0.4615,0.24,38.38,0.907,1,2,22,30.11,v2_lr,1
149661,2026-09-21,多摩川,2,4544,7.66,63.2,0.4706,0.5294,17,A1,0.16,28,82,56,3.8,0.2,0.163,10,6.65,1,0.16,40,1,1,2,22,31.54,v2_lr,0
149661,2026-09-21,多摩川,3,4095,7.27,60.2,0.2549,0.5294,51,A1,0.14,13,61,33,3.2,0,0.167,10,6.76,0.1538,0.12,34.58,0.6889,1,2,22,17.94,v2_lr,0
149661,2026-09-21,多摩川,4,4084,6.79,48.9,0.1714,0.4,35,A1,0.17,14,81,30,3.4,0.1,0.143,10,6.72,0.4615,0.18,22.58,0,1,2,22,8.2,v2_lr,0
149661,2026-09-21,多摩川,5,3983,6.39,42.8,0.2368,0.5526,38,A1,0.15,11,69,22,3.9,0.1,0.128,10,6.77,0.0769,0.18,32.69,0.5804,1,2,22,6.74,v2_lr,0
149661,2026-09-21,多摩川,6,4075,6.46,43.1,0.2683,0.5366,82,A1,0.12,4,82,12,4.1,0.2,0.118,10,6.78,0,0.07,38.32,0.9036,1,2,22,5.47,v2_lr,0
149662,2026-09-21,多摩川,1,4262,7.19,45.8,0.25,0.5,12,A1,0.15,88,114,97,3,0.5,0.104,10,6.75,1,0.14,39.22,1,1,2,22,34.88,v2_lr,1
149662,2026-09-21,多摩川,3,4398,6.66,49.2,0.0667,0.2,15,A1,0.14,11,72,32,4.3,0,0.142,10,6.8,0.2857,0.07,34.09,0.4042,1,2,22,8.55,v2_lr,0
149662,2026-09-21,多摩川,4,4500,7.15,45.1,0.25,0.4375,16,A1,0.12,19,75,29,2.9,0.2,0.106,10,6.76,0.8571,0.01,30.61,0,1,2,22,20.98,v2_lr,0
149662,2026-09-21,多摩川,5,4787,6.87,53.5,0.2444,0.5556,45,A1,0.12,8,60,20,3.3,0,0.109,10,6.82,0,0.09,33.67,0.3554,1,2,22,7.8,v2_lr,0
149662,2026-09-21,多摩川,6,3590,6.61,44.7,0.2436,0.5385,78,A1,0.14,4,77,13,3.5,0.2,0.134,10,6.78,0.5714,0.17,31.73,0.1301,1,2,22,5.63,v2_lr,0
149663,2026-09-21,多摩川,1,4573,7.09,43.2,0.28,0.4,25,A1,0.12,63,83,73,3.2,0.3,0.137,10,6.78,0.4444,0.01,30.95,0.1843,3,2,23,32.89,v2_lr,0
149663,2026-09-21,多摩川,2,3952,6.69,45.6,0.3846,0.5192,52,A1,0.14,19,83,42,4,0.2,0.101,10,6.78,0.4444,0.02,40.82,1,3,2,23,34.38,v2_lr,0
149663,2026-09-21,多摩川,3,5279,4.94,35.9,0.2,0.3556,45,B1,0.18,13,73,29,3.5,0.1,0.124,10,6.82,0,0.09,28.72,0,3,2,23,13.9,v2_lr,0
149663,2026-09-21,多摩川,4,4960,7.63,68.3,0.1795,0.4615,39,A1,0.17,24,76,47,3.3,0.2,0.081,10,6.75,0.7778,0.08,35.79,0.5843,3,2,23,14.39,v2_lr,1
149663,2026-09-21,多摩川,5,5026,6.27,48.2,0,0.2857,7,A1,0.17,10,63,19,4,0,0.15,10,6.73,1,0.06,36.26,0.6231,3,2,23,2.68,v2_lr,0
149663,2026-09-21,多摩川,6,3716,6.45,37.9,0.0882,0.1471,34,A1,0.13,2,71,10,3.6,0.2,0.115,10,6.79,0.3333,0.22,34.02,0.438,3,2,23,1.76,v2_lr,0
149664,2026-09-21,多摩川,1,4776,6.7,48.9,0.0625,0.3125,16,A1,0.15,90,117,107,3,0,0.11,10,6.85,0,0.05,34.58,0.4266,1,2,23,29.13,v2_lr,1
149664,2026-09-21,多摩川,2,3984,6.86,47.8,0.1111,0.3556,45,A1,0.18,10,81,40,4.4,0,0.143,10,6.85,0,0.15,41.38,0.8975,1,2,23,21.03,v2_lr,0
149664,2026-09-21,多摩川,3,4364,6.53,46.6,0.16,0.36,25,A1,0.14,18,82,40,3.8,0.1,0.118,10,6.83,0.2857,-0.01,36.89,0.5866,1,2,23,19.54,v2_lr,0
149664,2026-09-21,多摩川,4,4504,6.31,40.5,0,0.1765,17,A1,0.19,6,68,29,3.5,0.1,0.15,10,6.79,0.8571,0.04,29.91,0.1032,1,2,23,5.52,v2_lr,0
149664,2026-09-21,多摩川,5,5331,4.13,25,0.2278,0.3671,79,B1,0.17,3,50,5,4.5,0.1,0.142,10,6.8,0.7143,0.05,28.42,0,1,2,23,11.41,v2_lr,0
149664,2026-09-21,多摩川,6,4797,6.71,52.6,0.3077,0.4231,26,A1,0.09,3,66,10,4.8,0.1,0.161,10,6.78,1,0.29,42.86,1,1,2,23,13.36,v2_lr,0
149665,2026-09-21,多摩川,1,4524,6.85,40,0.25,0.25,8,A1,0.14,75,93,82,3.6,0.2,0.149,10,6.7,0.381,-0.03,42.72,1,0,2,23,22.91,v2_lr,0
149665,2026-09-21,多摩川,2,4571,6.55,46.2,0.5,0.5625,16,A1,0.13,24,73,33,3,0.5,0.105,10,6.57,1,0.39,24.47,0,0,2,23,26.29,v2_lr,1
149665,2026-09-21,多摩川,3,3779,6.44,36.2,0.375,0.5,8,A1,0.12,17,76,27,3.1,0.3,0.075,10,6.68,0.4762,-0.04,37.72,0.726,0,2,23,20.42,v2_lr,0
149665,2026-09-21,多摩川,4,4719,7.28,45.6,0.4231,0.5769,26,A1,0.14,5,73,20,3.1,0.3,0.12,10,6.78,0,-0.02,30.59,0.3353,0,2,23,18.69,v2_lr,0
149665,2026-09-21,多摩川,5,4030,6.64,36.2,0.1538,0.3846,26,A1,0.15,3,81,16,3,0.2,0.11,10,6.77,0.0476,0.01,37,0.6866,0,2,23,3.84,v2_lr,0
149665,2026-09-21,多摩川,6,4238,8.24,63.7,0.375,0.5625,32,A1,0.19,8,54,18,2.9,0.2,0.12,10,6.78,0,0.03,34.69,0.56,0,2,23,7.85,v2_lr,0
149666,2026-09-21,多摩川,1,4188,7.96,64.1,0.4419,0.5814,43,A1,0.13,83,104,95,2.5,0.3,0.095,10,6.82,0.4167,0.02,34.12,0.5195,2,2,23,26.74,v2_lr,1
149666,2026-09-21,多摩川,2,4096,6.32,48.5,0.4286,0.4286,7,A1,0.18,17,66,40,2.7,0.4,0.119,10,6.75,1,0.02,37.5,0.6881,2,2,23,24.77,v2_lr,0
149666,2026-09-21,多摩川,3,4847,6.49,44.4,0.25,0.4667,60,A1,0.13,18,67,31,2.8,0.3,0.103,10,6.82,0.4167,-0.01,23.71,0,2,2,23,16.8,v2_lr,0
149666,2026-09-21,多摩川,4,4264,6.93,54.4,0.2857,0.4286,7,A1,0.15,11,100,33,3.9,0.2,0.162,10,6.87,0,0.14,35.56,0.5913,2,2,23,14.68,v2_lr,0
149666,2026-09-21,多摩川,5,4335,7.24,53.9,0.2564,0.4231,78,A1,0.12,9,65,18,3.9,0.2,0.113,10,6.76,0.9167,0.22,43.75,1,2,2,23,9.84,v2_lr,0
149666,2026-09-21,多摩川,6,4166,6.86,44.2,0.3043,0.5217,23,A1,0.14,5,84,12,3.5,0.1,0.102,10,6.85,0.1667,0.06,38.38,0.732,2,2,23,7.17,v2_lr,0
149667,2026-09-21,多摩川,1,4500,7.15,45.1,0.25,0.4375,16,A1,0.12,81,107,98,2.9,0.2,0.106,10,6.76,0.8889,-0.01,30.61,0,3,2,23,30.27,v2_lr,1
149667,2026-09-21,多摩川,2,4095,7.27,60.2,0.2549,0.5294,51,A1,0.14,17,59,34,3.2,0,0.167,10,6.74,1,0.07,34.58,0.4611,3,2,23,26.35,v2_lr,0
149667,2026-09-21,多摩川,3,4371,7.18,45.1,0.1429,0.2857,7,A1,0.13,5,72,29,3.1,0.2,0.144,10,6.9,0.1111,0.02,33.94,0.3868,3,2,23,17.34,v2_lr,0
149667,2026-09-21,多摩川,4,4573,7.09,43.2,0.28,0.4,25,A1,0.12,10,72,28,3.2,0.3,0.137,10,6.9,0.1111,0.06,30.95,0.0395,3,2,23,13.34,v2_lr,0
149667,2026-09-21,多摩川,5,4776,6.7,48.9,0.0625,0.3125,16,A1,0.15,8,75,26,3,0,0.11,10,6.92,0,0.1,34.58,0.4611,3,2,23,2.93,v2_lr,0
149667,2026-09-21,多摩川,6,4262,7.19,45.8,0.25,0.5,12,A1,0.15,2,81,9,3,0.5,0.104,10,6.77,0.8333,0.06,39.22,1,3,2,23,9.76,v2_lr,0
149668,2026-09-21,多摩川,1,4064,6.52,42.6,0.4286,0.5714,7,A1,0.14,103,130,115,2.5,0.3,0.114,10,6.88,0.2222,-0.06,46.08,0.7601,2,2,23,29.3,v2_lr,0
149668,2026-09-21,多摩川,2,4688,6.49,45.7,0.3286,0.5143,70,A1,0.16,19,82,44,2.8,0.2,0.117,10,6.81,1,0.07,32.14,0,2,2,23,26.84,v2_lr,0
149668,2026-09-21,多摩川,3,4686,6.76,42,0.1667,0.2778,18,A1,0.16,12,76,27,2.5,0.3,0.093,10,6.89,0.1111,0.04,47,0.8103,2,2,23,15.69,v2_lr,1
149668,2026-09-21,多摩川,4,4266,6.47,41.9,0.2745,0.5686,51,A1,0.15,6,67,20,2.3,0.3,0.116,10,6.9,0,0.03,40.48,0.4547,2,2,23,12.68,v2_lr,0
149668,2026-09-21,多摩川,5,3783,6.57,36.4,0.25,0.5,16,A1,0.14,7,75,22,2.9,0.1,0.124,10,6.82,0.8889,-0.06,50.48,1,2,2,23,11.64,v2_lr,0
149668,2026-09-21,多摩川,6,3557,6.64,47.1,0.2188,0.5625,32,A1,0.13,7,92,20,3.2,0.2,0.153,10,6.82,0.8889,0.33,36.54,0.2399,2,2,23,3.85,v2_lr,0
149669,2026-09-21,浜名湖,1,3655,5.4,32.3,0.2973,0.4054,37,B1,0.19,47,92,73,4.6,0,0.205,10,6.91,0.375,0.19,31.67,1,2,1,28,35.92,v2_lr,0
149669,2026-09-21,浜名湖,2,4327,3.99,20,0.1667,0.3519,54,B1,0.19,3,73,19,3.7,0.1,0.161,10,6.86,1,0.4,31.13,0.9693,2,1,28,26.01,v2_lr,1
149669,2026-09-21,浜名湖,3,5348,3.83,19.7,0.1818,0.2727,11,B1,0.27,4,21,7,3.7,0,0.135,10,6.86,1,0.43,30.21,0.9171,2,1,28,23.03,v2_lr,0
149669,2026-09-21,浜名湖,4,3711,6.1,41.8,0.3333,0.3333,3,A2,0.16,11,83,30,2.5,0.3,0.153,10,6.94,0,0.34,17.14,0.1749,2,1,28,9.03,v2_lr,0
149669,2026-09-21,浜名湖,5,4227,6.14,41.3,0.125,0.125,8,A2,0.16,8,67,16,2.6,0.2,0.136,10,6.91,0.375,0.08,14.06,0,2,1,28,3.7,v2_lr,0
149669,2026-09-21,浜名湖,6,5368,4.74,28.7,0.0556,0.0556,18,B1,0.17,2,106,8,3.9,0.2,0.134,10,6.86,1,-0.06,21.43,0.4185,2,1,28,2.31,v2_lr,0
149670,2026-09-21,浜名湖,1,4945,4.25,20,0,0.3333,12,B1,0.23,8,35,16,4.1,0,0.176,10,6.81,1,0.16,28.41,0.2906,2,1,27,19.97,v2_lr,0
149670,2026-09-21,浜名湖,2,4302,6.88,57.3,0.2667,0.5333,15,A1,0.14,24,94,56,2.6,0.3,0.161,10,6.86,0.375,0.16,26.97,0.2371,2,1,27,28.76,v2_lr,0
149670,2026-09-21,浜名湖,3,3475,5.45,34.4,0.2273,0.3636,22,B1,0.19,8,64,18,3.2,0.2,0.185,10,6.89,0,0.21,22.22,0.0606,2,1,27,16.47,v2_lr,0
149670,2026-09-21,浜名湖,4,4460,6.09,39.6,0.2143,0.6429,14,A2,0.15,14,69,28,2.2,0.2,0.142,10,6.86,0.375,0.37,47.5,1,2,1,27,17.7,v2_lr,1
149670,2026-09-21,浜名湖,5,4919,3.92,13.6,0.2609,0.3913,23,B1,0.18,2,47,9,3.2,0.3,0.125,10,6.81,1,0.2,34.62,0.5214,2,1,27,12.9,v2_lr,0
149670,2026-09-21,浜名湖,6,4793,6.2,46.2,0.2368,0.4211,76,A2,0.16,1,78,11,2.6,0.3,0.126,10,6.88,0.125,0.19,20.59,0,2,1,27,4.2,v2_lr,0
149671,2026-09-21,浜名湖,1,5379,2.61,2.8,0,0,12,B1,0.24,3,15,4,5.2,0,0.132,10,6.93,1,0.08,27.78,0.5619,2,1,27,15.87,v2_lr,0
149671,2026-09-21,浜名湖,2,4661,5.58,34.5,0.3333,0.3333,3,A2,0.16,10,60,28,3.4,0.2,0.207,10,6.96,0.4,0.08,31.46,0.8366,2,1,27,29.54,v2_lr,1
149671,2026-09-21,浜名湖,3,4049,6.11,40,0.375,0.4583,24,A2,0.17,14,93,27,3.8,0.1,0.123,10,6.93,1,0.14,22.89,0.197,2,1,27,26.41,v2_lr,0
149671,2026-09-21,浜名湖,4,4263,4.67,31.8,0.1739,0.3043,23,B1,0.19,4,77,18,3.2,0.2,0.192,10,6.98,0,0.42,25.29,0.3761,2,1,27,5.04,v2_lr,0
149671,2026-09-21,浜名湖,5,3613,6.22,49.6,0.3571,0.4286,14,A2,0.15,1,71,18,3.2,0.2,0.152,10,6.94,0.8,-0.06,33.65,1,2,1,27,19.68,v2_lr,0
149671,2026-09-21,浜名湖,6,3517,5.69,37.6,0.1613,0.3871,31,B1,0.17,4,69,12,3.4,0.1,0.179,10,6.93,1,-0.06,20.25,0,2,1,27,3.46,v2_lr,0
149672,2026-09-21,浜名湖,1,4436,6.6,49.2,0.2,0.32,25,A1,0.16,66,94,75,2.9,0.4,0.161,10,6.87,1,0.04,16.67,0,2,1,28,37.79,v2_lr,0
149672,2026-09-21,浜名湖,2,5007,5.15,30.2,0.3333,0.6667,3,B1,0.16,6,68,17,3.7,0.1,0.183,10,6.95,0.1111,0.14,23.53,0.2632,2,1,28,40.82,v2_lr,1
149672,2026-09-21,浜名湖,3,4151,5.15,31,0.0833,0.0833,12,B1,0.17,6,77,27,3.5,0.1,0.233,10,6.91,0.5556,0.16,16.95,0.0107,2,1,28,11.22,v2_lr,0
149672,2026-09-21,浜名湖,4,3294,4.28,22.7,0.0588,0.2745,51,B1,0.18,4,50,9,5.4,0,0.165,10,6.89,0.7778,0.16,42.73,1,2,1,28,7.5,v2_lr,0
149672,2026-09-21,浜名湖,5,4143,4.2,18.9,0,0.3333,3,B1,0.17,0,63,7,3.6,0.1,0.166,10,6.96,0,0.21,26.73,0.386,2,1,28,1.5,v2_lr,0
149672,2026-09-21,浜名湖,6,5371,1.66,2.6,0,0,18,B2,,0,101,1,5.4,0,0.221,10,6.9,0.6667,0.15,38.1,0.8223,2,1,28,1.17,v2_lr,0
149673,2026-09-21,浜名湖,1,4992,4.97,31.1,0.1935,0.3548,31,B1,0.15,29,50,39,3.2,0.1,0.137,10,6.89,0.5714,0.1,46.67,1,2,1,28,29.8,v2_lr,0
149673,2026-09-21,浜名湖,2,5083,4.65,27,0.0476,0.3333,21,B1,0.17,5,63,23,4.4,0,0.131,10,6.93,0,0.09,31.07,0.2401,2,1,28,10.06,v2_lr,0
149673,2026-09-21,浜名湖,3,4352,6.29,44.4,0.4,0.6,20,A1,0.14,10,64,31,2.5,0.4,0.13,10,6.86,1,0.09,41.6,0.753,2,1,28,33.34,v2_lr,1
149673,2026-09-21,浜名湖,4,4570,6.37,45.8,0.35,0.65,20,A1,0.17,11,79,36,3.4,0.3,0.17,10,6.91,0.2857,0.19,26.14,0,2,1,28,21.34,v2_lr,0
149673,2026-09-21,浜名湖,5,5400,1.82,1.3,0,0,13,B2,,1,58,2,4.2,0,0.141,10,6.88,0.7143,0.17,32.14,0.2923,2,1,28,1.65,v2_lr,0
149673,2026-09-21,浜名湖,6,3514,5.57,35.8,0.3333,0.3333,3,A2,0.16,3,68,9,3,0.4,0.172,10,6.89,0.5714,0.21,26.96,0.0399,2,1,28,3.8,v2_lr,0
149674,2026-09-21,浜名湖,1,4196,4.15,24,0,0.3333,3,B1,0.19,28,54,35,3.6,0.1,0.167,10,6.85,0.6364,0.29,32.71,0.9153,2,1,27,22.3,v2_lr,0
149674,2026-09-21,浜名湖,2,4189,6.64,47,0.1333,0.2667,15,A1,0.15,10,101,33,3.6,0,0.251,10,6.91,0.0909,0.25,33.91,1,2,1,27,30.08,v2_lr,0
149674,2026-09-21,浜名湖,3,4593,5.89,34.8,0,0.3333,3,A2,0.15,8,70,23,3.1,0.1,0.131,10,6.81,1,0.28,26.26,0.4601,2,1,27,10.22,v2_lr,0
149674,2026-09-21,浜名湖,4,4140,6.02,46.2,0.2759,0.5172,29,A2,0.18,6,62,20,2.5,0.4,0.198,10,6.92,0,0.19,19.74,0,2,1,27,20.21,v2_lr,0
149674,2026-09-21,浜名湖,5,5348,3.83,19.7,0.1818,0.2727,11,B1,0.27,5,70,12,3.7,0,0.135,10,6.86,0.5455,0.17,30.21,0.7389,2,1,27,12.8,v2_lr,1
149674,2026-09-21,浜名湖,6,3475,5.45,34.4,0.2273,0.3636,22,B1,0.19,2,57,6,3.2,0.2,0.185,10,6.9,0.1818,0.32,22.22,0.175,2,1,27,4.39,v2_lr,0
149675,2026-09-21,浜名湖,1,3910,4.13,18.2,0.3,0.3,10,B1,0.13,17,52,26,4.3,0,0.211,10,6.89,0.8,0.22,19.72,0.0187,1,1,27,36.17,v2_lr,0
149675,2026-09-21,浜名湖,2,3613,6.22,49.6,0.3571,0.4286,14,A2,0.15,21,79,50,3.2,0.2,0.152,10,6.86,1,0.15,33.65,0.5014,1,1,27,38.12,v2_lr,1
149675,2026-09-21,浜名湖,3,3989,3.83,17.3,0,0,3,B1,0.19,2,66,11,3.3,0.2,0.236,10,6.91,0.6667,0.21,48.04,1,1,1,27,7.36,v2_lr,0
149675,2026-09-21,浜名湖,5,4044,6.92,45,0.1538,0.3077,13,A1,0.13,7,67,18,2.7,0.3,0.127,10,6.9,0.7333,0.05,19.18,0,1,1,27,9.45,v2_lr,0
149675,2026-09-21,浜名湖,6,4561,6.26,47.9,0.2759,0.2759,29,A2,0.19,11,79,23,4.7,0.1,0.28,10,7.01,0,0.16,25.77,0.2283,1,1,27,5.34,v2_lr,0
149676,2026-09-21,浜名湖,1,5299,5.46,40.1,0.05,0.05,20,A2,0.16,32,52,40,2.9,0.3,0.128,10,6.91,0.3333,-0.05,32.76,0.4016,1,1,28,32.57,v2_lr,1
149676,2026-09-21,浜名湖,2,5379,2.61,2.8,0,0,12,B1,0.24,0,25,0,5.2,0,0.132,10,6.86,0.6111,0.09,27.78,0,1,1,28,13.67,v2_lr,0
149676,2026-09-21,浜名湖,3,5046,4.29,21.8,0.05,0.05,20,B1,0.16,4,55,12,4.4,0.1,0.23,10,6.87,0.5556,0.21,28.13,0.0282,1,1,28,10.3,v2_lr,0
149676,2026-09-21,浜名湖,4,4518,6.95,56.5,0.2727,0.5909,22,A1,0.2,12,66,25,3,0.2,0.181,10,6.79,1,0.09,34.29,0.525,1,1,28,26.64,v2_lr,0
149676,2026-09-21,浜名湖,5,3655,5.4,32.3,0.2973,0.4054,37,B1,0.19,3,68,11,4.6,0,0.205,10,6.97,0,0.06,31.67,0.3137,1,1,28,14.34,v2_lr,0
149676,2026-09-21,浜名湖,6,3523,4.43,24.4,0.0645,0.1935,31,B1,0.19,1,47,6,4.1,0,0.19,10,6.89,0.4444,0.06,40.18,1,1,1,28,2.47,v2_lr,0
149677,2026-09-21,浜名湖,1,4428,6.23,44.4,0.25,0.5,4,A2,0.14,59,90,74,2.7,0.3,0.129,10,6.86,1,0.01,33.33,0.7328,1,1,28,35.26,v2_lr,0
149677,2026-09-21,浜名湖,2,4570,6.37,45.8,0.35,0.65,20,A1,0.17,20,84,50,3.4,0.3,0.17,10,6.91,0.5,0.29,26.14,0.33,1,1,28,35.26,v2_lr,1
149677,2026-09-21,浜名湖,3,5371,1.66,2.6,0,0,18,B2,,0,4,0,5.4,0,0.221,10,6.95,0.1,-0.05,38.1,1,1,1,28,6,v2_lr,0
149677,2026-09-21,浜名湖,4,3517,5.69,37.6,0.1613,0.3871,31,B1,0.17,8,74,19,3.4,0.1,0.179,10,6.96,0,-0.06,20.25,0,1,1,28,8.38,v2_lr,0
149677,2026-09-21,浜名湖,5,4302,6.88,57.3,0.2667,0.5333,15,A1,0.14,8,70,26,2.6,0.3,0.161,10,6.89,0.7,0.08,26.97,0.3765,1,1,28,11.18,v2_lr,0
149677,2026-09-21,浜名湖,6,4327,3.99,20,0.1667,0.3519,54,B1,0.19,0,54,3,3.7,0.1,0.161,10,6.91,0.5,0.14,31.13,0.6095,1,1,28,3.93,v2_lr,0
149678,2026-09-21,浜名湖,1,4140,6.02,46.2,0.2759,0.5172,29,A2,0.18,59,77,69,2.5,0.4,0.198,10,6.98,0,-0.01,19.74,0.2062,1,1,29,26.17,v2_lr,1
149678,2026-09-21,浜名湖,2,4227,6.14,41.3,0.125,0.125,8,A2,0.16,10,76,28,2.6,0.2,0.136,10,6.88,0.5882,0.09,14.06,0,1,1,29,14.05,v2_lr,0
149678,2026-09-21,浜名湖,3,4661,5.58,34.5,0.3333,0.3333,3,A2,0.16,3,62,14,3.4,0.2,0.207,10,6.9,0.4706,0.14,31.46,0.6318,1,1,29,25.48,v2_lr,0
149678,2026-09-21,浜名湖,4,4945,4.25,20,0,0.3333,12,B1,0.23,7,72,15,4.1,0,0.176,10,6.83,0.8824,0.13,28.41,0.5211,1,1,29,3.33,v2_lr,0
149678,2026-09-21,浜名湖,5,4352,6.29,44.4,0.4,0.6,20,A1,0.14,7,51,16,2.5,0.4,0.13,10,6.81,1,0.14,41.6,1,1,1,29,20.63,v2_lr,0
149678,2026-09-21,浜名湖,6,5007,5.15,30.2,0.3333,0.6667,3,B1,0.16,1,58,8,3.7,0.1,0.183,10,6.96,0.1176,0.07,23.53,0.3439,1,1,29,10.36,v2_lr,0
149679,2026-09-21,浜名湖,1,4189,6.64,47,0.1333,0.2667,15,A1,0.15,77,124,96,3.6,0,0.251,10,6.87,0.6154,0.18,33.91,0.6045,2,1,29,31.78,v2_lr,1
149679,2026-09-21,浜名湖,2,4793,6.2,46.2,0.2368,0.4211,76,A2,0.16,19,81,44,2.6,0.3,0.126,10,6.93,0.1538,0.08,20.59,0.1374,2,1,29,26.8,v2_lr,0
149679,2026-09-21,浜名湖,3,4436,6.6,49.2,0.2,0.32,25,A1,0.16,15,80,41,2.9,0.4,0.161,10,6.82,1,0.02,16.67,0,2,1,29,21.97,v2_lr,0
149679,2026-09-21,浜名湖,4,4128,5.11,29.5,0.1429,0.2857,21,B1,0.15,4,52,7,3.6,0.1,0.17,10,6.9,0.3846,-0.04,45.19,1,2,1,29,10.95,v2_lr,0
149679,2026-09-21,浜名湖,5,4263,4.67,31.8,0.1739,0.3043,23,B1,0.19,3,57,12,3.2,0.2,0.192,10,6.94,0.0769,0.02,25.29,0.3022,2,1,29,5.09,v2_lr,0
149679,2026-09-21,浜名湖,6,3711,6.1,41.8,0.3333,0.3333,3,A2,0.16,4,82,12,2.5,0.3,0.153,10,6.95,0,0.11,17.14,0.0165,2,1,29,3.42,v2_lr,0
149680,2026-09-21,浜名湖,1,4518,6.95,56.5,0.2727,0.5909,22,A1,0.2,67,89,79,3,0.2,0.181,10,6.83,1,-0.01,34.29,0.9786,2,1,28,44.12,v2_lr,0
149680,2026-09-21,浜名湖,2,4143,4.2,18.9,0,0.3333,3,B1,0.17,3,67,10,3.6,0.1,0.166,10,6.94,0,0.11,26.73,0.489,2,1,28,10.39,v2_lr,0
149680,2026-09-21,浜名湖,3,4044,6.92,45,0.1538,0.3077,13,A1,0.13,14,81,30,2.7,0.3,0.127,10,6.92,0.1818,0.02,19.18,0,2,1,28,21.93,v2_lr,1
149680,2026-09-21,浜名湖,4,4593,5.89,34.8,0,0.3333,3,A2,0.15,5,66,18,3.1,0.1,0.131,10,6.84,0.9091,0.16,26.26,0.4585,2,1,28,5.43,v2_lr,0
149680,2026-09-21,浜名湖,5,3514,5.57,35.8,0.3333,0.3333,3,A2,0.16,7,53,13,3,0.4,0.172,10,6.92,0.1818,0.09,26.96,0.5039,2,1,28,8.62,v2_lr,0
149680,2026-09-21,浜名湖,6,4919,3.92,13.6,0.2609,0.3913,23,B1,0.18,0,50,3,3.2,0.3,0.125,10,6.86,0.7273,0.03,34.62,1,2,1,28,9.51,v2_lr,0
149681,2026-09-21,津,1,3999,5.92,40.5,0.3125,0.4375,16,A2,0.17,66,107,85,2.7,0.1,0.179,10,6.79,1,0.26,34.59,0.462,7,5,26,45.82,v2_lr,1
149681,2026-09-21,津,2,4499,5.31,35.2,0.1,0.35,20,B1,0.16,10,51,22,3.6,0.2,0.179,10,6.84,0.6154,0.03,30.15,0.0399,7,5,26,21.56,v2_lr,0
149681,2026-09-21,津,3,5317,4.82,22.6,0.2,0.5,10,B1,0.16,2,68,15,3.8,0,0.186,10,6.82,0.7692,0.12,36,0.596,7,5,26,24.1,v2_lr,0
149681,2026-09-21,津,4,4744,4.34,16.2,0.0556,0.0556,18,B1,0.2,2,59,12,3.9,0,0.213,10,6.89,0.2308,0.13,40.25,1,7,5,26,6.18,v2_lr,0
149681,2026-09-21,津,5,5194,4.27,25.4,0,0.4,10,B1,0.19,3,63,9,3,0.2,0.155,10,6.92,0,0.2,29.73,0,7,5,26,1.35,v2_lr,0
149681,2026-09-21,津,6,5439,1.44,1.4,0,0,8,B2,,1,80,1,5.6,0,0.219,10,6.87,0.3846,0.07,33.57,0.365,7,5,26,0.98,v2_lr,0
149682,2026-09-21,津,1,4270,4.59,25.6,0.1467,0.3467,75,B1,0.17,25,51,35,4.3,0,0.178,10,6.73,0.8889,0.32,39.1,0.6302,7,5,27,35.23,v2_lr,1
149682,2026-09-21,津,2,4684,5.18,28.1,0.25,0.5,12,B1,0.2,8,71,19,3.1,0.1,0.122,10,6.72,0.9444,0.39,35.53,0.4165,7,5,27,33.94,v2_lr,0
149682,2026-09-21,津,3,4432,5.31,31,0.1429,0.2143,14,B1,0.16,7,84,26,3,0.3,0.145,10,6.71,1,0.24,45.28,1,7,5,27,20.96,v2_lr,0
149682,2026-09-21,津,4,3839,3.53,11.6,0.0323,0.0645,31,B1,0.17,2,65,11,5.3,0,0.236,10,6.89,0,0.45,28.57,0,7,5,27,2.77,v2_lr,0
149682,2026-09-21,津,5,4169,3.68,17.8,0.125,0.3125,32,B1,0.22,2,60,6,4.3,0.1,0.148,10,6.79,0.5556,0.08,41.03,0.7457,7,5,27,5.9,v2_lr,0
149682,2026-09-21,津,6,5247,4.32,19.1,0,0,9,B1,0.18,0,53,0,4.7,0,0.176,10,6.78,0.6111,0.09,29.41,0.0503,7,5,27,1.21,v2_lr,0
149683,2026-09-21,津,1,3812,4.46,21.8,0.1429,0.2857,28,B1,0.17,14,61,31,4.9,0,0.178,10,6.9,0,-0.02,30.82,0.5705,7,5,27,30.16,v2_lr,0
149683,2026-09-21,津,2,4665,3.97,13.7,0,0.4286,7,B1,0.16,4,59,13,4.6,0,0.14,10,6.81,1,0.17,29.73,0.5228,7,5,27,14.86,v2_lr,0
149683,2026-09-21,津,3,4239,6.69,55.3,0.3158,0.5263,19,A1,0.13,17,69,43,2.8,0.3,0.112,10,6.9,0,0.01,17.79,0,7,5,27,27.76,v2_lr,0
149683,2026-09-21,津,4,3777,6.18,45.6,0.2,0.4,15,A2,0.15,7,63,18,4,0,0.204,10,6.84,0.6667,0.08,35.23,0.7636,7,5,27,16.03,v2_lr,0
149683,2026-09-21,津,5,5466,0,0,0,0,1,B2,,0,10,0,5,0,0.186,10,6.89,0.1111,0.09,40.63,1,7,5,27,1.52,v2_lr,0
149683,2026-09-21,津,6,4362,6.79,45.6,0.25,0.375,16,A1,0.14,6,69,14,3.9,0.2,0.144,10,6.88,0.2222,0.15,38.32,0.8989,7,5,27,9.66,v2_lr,1
149684,2026-09-21,津,1,4382,5.05,22.3,0,0.4286,7,B1,0.18,16,53,28,3.6,0.1,0.133,10,6.87,0.8,-0.11,30.99,0.2729,8,6,28,18.5,v2_lr,0
149684,2026-09-21,津,2,4706,5.76,38.9,0.36,0.48,25,A2,0.18,14,73,39,3.1,0.2,0.188,10,6.85,0.9333,-0.01,37.84,0.7837,8,6,28,33.22,v2_lr,0
149684,2026-09-21,津,3,4944,4.07,21.5,0.0385,0.1538,26,B1,0.18,9,70,19,3.5,0,0.136,10,6.84,1,0.01,32.34,0.3736,8,6,28,9.49,v2_lr,0
149684,2026-09-21,津,4,4237,7.29,52.7,0.4762,0.6667,21,A1,0.15,14,81,35,2.8,0.2,0.092,10,6.99,0,0.12,40.74,1,8,6,28,30.33,v2_lr,1
149684,2026-09-21,津,5,4451,6.04,42.3,0.25,0.45,20,A2,0.14,5,65,17,2.4,0.4,0.115,10,6.91,0.5333,0.27,27.33,0,8,6,28,7.72,v2_lr,0
149684,2026-09-21,津,6,5454,0,0,,,0,B2,,0,36,1,5.7,0,0.195,10,6.85,0.9333,0.37,36.23,0.6637,8,6,28,0.74,v2_lr,0
149693,2026-09-21,三国,1,3641,6.32,43.5,0,0,4,A1,0.17,60,95,75,2.4,0.2,0.159,10,6.97,0.6667,0.22,34.38,0.732,7,7,25,47.58,v2_lr,0
149693,2026-09-21,三国,2,4197,4.07,17.4,0.0667,0.1333,15,B1,0.18,4,72,9,4.8,0,0.218,10,7.09,0,0.05,25.86,0,7,7,25,18.85,v2_lr,0
149693,2026-09-21,三国,3,5344,3.97,19,0.0556,0.0833,36,B1,0.14,5,38,9,3.4,0.2,0.12,10,6.96,0.7222,-0.08,27.91,0.1761,7,7,25,19.87,v2_lr,1
149693,2026-09-21,三国,4,3838,5.25,39.1,0,0,2,B1,0.16,7,65,15,3.9,0.1,0.135,10,7.04,0.2778,0.15,37.5,1,7,7,25,5.37,v2_lr,0
149693,2026-09-21,三国,5,5143,4.33,24.7,0,0.0909,11,B1,0.18,0,76,9,3.4,0.1,0.159,10,6.91,1,0.18,34.4,0.7337,7,7,25,7.1,v2_lr,0
149693,2026-09-21,三国,6,5366,1.18,0,0,0.0154,65,B2,,0,119,0,5.8,0,0.233,10,6.99,0.5556,0.18,26.4,0.0464,7,7,25,1.23,v2_lr,0
149694,2026-09-21,三国,1,4711,5.91,41.8,0.1687,0.4699,83,A2,0.17,27,64,48,3.1,0,0.169,10,7.04,0,0.09,28.68,0.1821,9,9,25,30.59,v2_lr,1
149694,2026-09-21,三国,2,4357,7.02,55.4,0.5217,0.6087,23,A1,0.19,22,71,44,2.5,0.5,0.156,10,6.87,1,0.12,37.01,0.8359,9,9,25,43.56,v2_lr,0
149694,2026-09-21,三国,3,5329,5.05,33.6,0.0526,0.1579,19,B1,0.16,6,27,10,3.9,0.1,0.204,10,6.98,0.3529,0.29,37.21,0.8516,9,9,25,8.86,v2_lr,0
149694,2026-09-21,三国,4,5167,5.26,34.4,0.1818,0.4545,11,B1,0.18,6,67,17,3.1,0.2,0.189,10,6.98,0.3529,0.08,29.1,0.2151,9,9,25,11.17,v2_lr,0
149694,2026-09-21,三国,5,4315,4.74,28.1,0.125,0.1667,24,B1,0.2,4,61,7,3.4,0,0.156,10,6.98,0.3529,0.07,26.36,0,9,9,25,4.64,v2_lr,0
149694,2026-09-21,三国,6,5453,0,0,0,0,1,B2,,0,30,2,5.7,0,0.133,10,6.93,0.6471,0.02,39.1,1,9,9,25,1.17,v2_lr,0
149695,2026-09-21,三国,1,3811,6.33,51.2,0.1333,0.4667,15,A1,0.16,67,108,90,3.3,0.1,0.174,10,7.02,0.4667,0.12,32.41,0.5626,7,7,25,30.35,v2_lr,0
149695,2026-09-21,三国,2,4004,5.25,31,0.2,0.3,10,B1,0.18,6,71,19,4.2,0.1,0.189,10,6.99,0.6667,0.05,36.92,0.9051,7,7,25,31.45,v2_lr,0
149695,2026-09-21,三国,3,5009,5.47,39.1,0.1667,0.3,30,A2,0.14,13,62,29,4.2,0,0.154,10,7.02,0.4667,0.12,25,0,7,7,25,20.35,v2_lr,1
149695,2026-09-21,三国,4,3461,3.26,13.7,0,0.125,16,B1,0.18,1,52,3,5.2,0.1,0.22,10,7.09,0,0.02,38.17,1,7,7,25,3.72,v2_lr,0
149695,2026-09-21,三国,5,5282,4.87,24.5,0.1474,0.2737,95,B1,0.17,2,61,6,4.4,0.1,0.145,10,6.94,1,-0.2,31.85,0.5201,7,7,25,10.83,v2_lr,0
149695,2026-09-21,三国,6,4016,5.31,32.3,0.1481,0.4074,27,B1,0.19,1,63,5,2.9,0.4,0.147,10,7.04,0.3333,0.02,26.92,0.1458,7,7,25,3.3,v2_lr,0
149696,2026-09-21,三国,1,4150,5.79,40.6,0.1667,0.3333,18,A2,0.15,49,77,60,3.2,0.1,0.149,10,7,0.5385,0.04,33.07,0.2023,10,10,25,37.72,v2_lr,0
149696,2026-09-21,三国,2,5190,4.46,23.1,0.0952,0.0952,21,B1,0.18,8,65,17,3.6,0.1,0.24,10,7.03,0.3077,0.07,33.59,0.2358,10,10,25,21.25,v2_lr,0
149696,2026-09-21,三国,3,4888,4.89,25.7,0.0667,0.2,15,B1,0.18,13,76,31,3.2,0.2,0.154,10,6.94,1,0.03,45.45,1,10,10,25,18.27,v2_lr,0
149696,2026-09-21,三国,4,3965,6.41,49.5,0.1333,0.2,15,A1,0.18,20,86,38,2.7,0.3,0.149,10,7.07,0,0.12,29.93,0,10,10,25,12.03,v2_lr,1
149696,2026-09-21,三国,5,3617,4.16,26.4,0,0,1,B1,0.19,4,68,8,5.3,0,0.194,10,6.94,1,0.27,36.43,0.4188,10,10,25,2.85,v2_lr,0
149696,2026-09-21,三国,6,4363,5.84,40.1,0.2857,0.4286,7,A2,0.16,1,80,7,2.7,0.2,0.117,10,6.96,0.8462,0.09,30.47,0.0348,10,10,25,7.88,v2_lr,0
149697,2026-09-21,三国,1,4675,5.72,37,0.1818,0.3636,11,A2,0.15,23,51,32,3,0.2,0.104,10,7.01,0.7692,0.05,12.04,0,10,10,25,31.25,v2_lr,1
149697,2026-09-21,三国,2,4295,7.01,53,0.3182,0.4091,22,A1,0.14,20,87,55,2.2,0.4,0.118,10,7.09,0.1538,0.28,31.62,0.8706,10,10,25,27.68,v2_lr,0
149697,2026-09-21,三国,3,4241,5.68,38.5,0,0.1667,6,A2,0.17,6,77,33,3.7,0.1,0.18,10,7.08,0.2308,0.17,31.78,0.8777,10,10,25,5.59,v2_lr,0
149697,2026-09-21,三国,4,4894,5.09,25.6,1,1,1,B1,0.22,9,79,20,2.9,0.3,0.184,10,6.98,1,0.08,32.8,0.9231,10,10,25,32.61,v2_lr,0
149697,2026-09-21,三国,5,4197,4.07,17.4,0.0667,0.1333,15,B1,0.18,2,71,6,4.8,0,0.218,10,7.11,0,0.17,25.86,0.6145,10,10,25,2.13,v2_lr,0
149697,2026-09-21,三国,6,5465,0,0,0,0,19,B2,,0,33,0,5.9,0,0.224,10,7.03,0.6154,0.32,34.53,1,10,10,25,0.74,v2_lr,0
149698,2026-09-21,三国,1,3838,5.25,39.1,0,0,2,B1,0.16,36,71,56,3.9,0.1,0.135,10,7.16,0.3243,0.11,37.5,1,9,9,26,18.65,v2_lr,0
149698,2026-09-21,三国,2,4360,5.87,37.7,0.0952,0.381,21,A2,0.21,8,61,20,3.3,0.3,0.174,10,6.99,0.7838,0.17,32.8,0.6112,9,9,26,21.5,v2_lr,0
149698,2026-09-21,三国,3,5133,5.29,31.8,0.1111,0.2222,9,B1,0.23,14,69,25,3.7,0.1,0.214,10,7.13,0.4054,0,25.41,0,9,9,26,13.05,v2_lr,0
149698,2026-09-21,三国,4,4020,4.28,24.5,0,0.087,23,B1,0.17,3,64,11,5.1,0,0.237,10,7.28,0,0.09,32.87,0.617,9,9,26,3.21,v2_lr,0
149698,2026-09-21,三国,5,4711,5.91,41.8,0.1687,0.4699,83,A2,0.17,3,63,14,3.1,0,0.169,10,7.01,0.7297,-0.09,28.68,0.2705,9,9,26,9.6,v2_lr,0
149698,2026-09-21,三国,6,4418,8.09,52.2,0.5,0.8333,12,A1,0.12,9,74,30,2.7,0.4,0.094,10,6.91,1,0.09,35.51,0.8354,9,9,26,33.99,v2_lr,1
149699,2026-09-21,三国,1,4902,4.81,30.2,0.1818,0.3182,22,B1,0.18,25,58,36,4.3,0.1,0.187,10,7.02,1,-0.01,36.96,1,10,10,25,28.94,v2_lr,0
149699,2026-09-21,三国,2,4441,6.21,41.9,0,1,1,A2,0.12,23,85,45,2.2,0.4,0.109,10,7.04,0.8182,0.01,29.17,0.42,10,10,25,33.53,v2_lr,1
149699,2026-09-21,三国,3,5352,5.09,32.3,0.25,0.375,8,B1,0.17,7,33,14,2.4,0.3,0.133,10,7.13,0,0.11,23.53,0,10,10,25,15.15,v2_lr,0
149699,2026-09-21,三国,4,3333,6.28,45.3,0.2727,0.5455,11,A1,0.15,11,84,26,1.9,0.6,0.134,10,7.09,0.3636,0.04,35.61,0.8995,10,10,25,15.73,v2_lr,0
149699,2026-09-21,三国,5,5366,1.18,0,0,0.0154,65,B2,,0,62,0,5.8,0,0.233,10,7.04,0.8182,0.04,26.4,0.2137,10,10,25,1.77,v2_lr,0
149699,2026-09-21,三国,6,3837,6.16,41.5,0.25,0.4167,24,A2,0.17,1,69,9,2.5,0.3,0.157,10,7.11,0.1818,0.08,30,0.4818,10,10,25,4.87,v2_lr,0
149700,2026-09-21,三国,1,5345,2.85,5.1,0,0,24,B1,0.2,4,14,6,4.9,0,0.174,10,7.13,0.1765,0.27,19.35,0,8,8,25,15.19,v2_lr,0
149700,2026-09-21,三国,2,4424,6.1,41.9,0.3333,0.3333,3,A2,0.17,11,86,37,3.1,0.2,0.138,10,7.16,0,0.09,19.49,0.0064,8,8,25,31.34,v2_lr,0
149700,2026-09-21,三国,3,3641,6.32,43.5,0,0,4,A1,0.17,16,89,35,2.4,0.2,0.159,10,7.14,0.1176,0.12,34.38,0.6914,8,8,25,18.76,v2_lr,1
149700,2026-09-21,三国,4,5329,5.05,33.6,0.0526,0.1579,19,B1,0.16,4,84,9,3.9,0.1,0.204,10,7.09,0.4118,0.06,37.21,0.8215,8,8,25,6.56,v2_lr,0
149700,2026-09-21,三国,5,5038,6.41,47.5,0.2113,0.4648,71,A2,0.18,3,72,11,2.7,0.2,0.154,10,7.08,0.4706,0.06,41.09,1,8,8,25,11.73,v2_lr,0
149700,2026-09-21,三国,6,5090,5.41,34.6,0.5,0.5,2,B1,0.11,0,62,6,2.5,0.4,0.189,10,6.99,1,0.15,32.03,0.5833,8,8,25,16.43,v2_lr,0
149701,2026-09-21,三国,1,5143,4.33,24.7,0,0.0909,11,B1,0.18,9,41,14,3.4,0.1,0.159,10,7.16,0.7222,0.02,34.4,0.5716,9,9,25,26.93,v2_lr,1
149701,2026-09-21,三国,2,3652,3.63,14.9,0.1,0.2,10,B1,0.18,1,62,8,4.7,0.1,0.168,10,7.22,0.3889,0.03,36.62,0.8239,9,9,25,19.54,v2_lr,0
149701,2026-09-21,三国,3,4363,5.84,40.1,0.2857,0.4286,7,A2,0.16,9,85,32,2.7,0.2,0.117,10,7.14,0.8333,-0.05,30.47,0.125,9,9,25,25.7,v2_lr,0
149701,2026-09-21,三国,4,4210,5.69,32.1,0.1885,0.3689,122,A2,0.18,4,78,15,2.4,0.3,0.123,10,7.2,0.5,0.04,29.37,0,9,9,25,13.34,v2_lr,0
149701,2026-09-21,三国,5,3461,3.26,13.7,0,0.125,16,B1,0.18,0,37,1,5.2,0.1,0.22,10,7.29,0,-0.02,38.17,1,9,9,25,1.91,v2_lr,0
149701,2026-09-21,三国,6,4295,7.01,53,0.3182,0.4091,22,A1,0.14,6,78,20,2.2,0.4,0.118,10,7.11,1,-0.03,31.62,0.2557,9,9,25,12.59,v2_lr,0
149705,2026-09-21,住之江,1,5106,5.53,32.1,0.129,0.3548,31,A2,0.21,32,63,46,3.7,0.2,0.186,10,7,0.4444,0.02,29,0.4281,4,2,25,43.31,v2_lr,1
149705,2026-09-21,住之江,2,4905,4.3,22.5,0.1515,0.2424,33,B1,0.21,8,68,27,3.5,0.2,0.187,10,6.99,0.5556,0.15,22.22,0.1618,4,2,25,30.51,v2_lr,0
149705,2026-09-21,住之江,3,5378,1.84,2.1,0,0,10,B2,,0,5,0,5.7,0,0.191,10,6.97,0.7778,0.14,18.1,0,4,2,25,8.67,v2_lr,0
149705,2026-09-21,住之江,4,3875,4.2,24.7,0,0,4,B1,0.16,3,76,17,4,0.1,0.179,10,7.04,0,0.03,30.1,0.4713,4,2,25,4.11,v2_lr,0
149705,2026-09-21,住之江,5,4393,4.36,20,0.0952,0.1905,21,B1,0.18,1,62,3,3.8,0.2,0.202,10,6.96,0.8889,0.12,43.56,1,4,2,25,7.4,v2_lr,0
149705,2026-09-21,住之江,6,5374,2.61,4.8,0.25,0.25,4,B1,,0,107,1,3.8,0.1,0.166,10,6.95,1,0.18,27.62,0.3739,4,2,25,6,v2_lr,0
149706,2026-09-21,住之江,1,3680,4.42,24.2,0,0.1667,30,B1,0.23,13,57,32,4.5,0,0.218,10,7,0.8333,0.11,48.51,1,3,1,27,29.25,v2_lr,1
149706,2026-09-21,住之江,2,4389,5.63,33,0.1351,0.3243,74,A2,0.19,6,75,24,3.2,0.2,0.183,10,7.03,0.6667,0.07,38.68,0.4459,3,1,27,29.21,v2_lr,0
149706,2026-09-21,住之江,3,4306,4.6,20.4,0.075,0.35,40,B1,0.18,6,65,20,3.6,0.2,0.16,10,6.97,1,0.01,30.77,0,3,1,27,16.25,v2_lr,0
149706,2026-09-21,住之江,4,3568,4.19,24.4,0.037,0.2222,27,B1,0.19,6,64,14,4.3,0,0.169,10,7.15,0,0.01,36.19,0.3055,3,1,27,4.51,v2_lr,0
149706,2026-09-21,住之江,5,4215,5.7,36.3,0.3571,0.5714,14,A2,0.17,8,70,24,2.4,0.4,0.139,10,7.08,0.3889,-0.07,31.07,0.0169,3,1,27,19.62,v2_lr,0
149706,2026-09-21,住之江,6,4103,3.69,16.8,0,0,4,B1,0.18,0,49,2,4.3,0,0.191,10,7.06,0.5,0.13,33.96,0.1798,3,1,27,1.17,v2_lr,0
149707,2026-09-21,住之江,1,4301,4.41,25.3,0,0.3077,13,B1,0.19,17,44,28,3.1,0.3,0.125,10,7.12,0,0.12,22.12,0,1,1,27,21.12,v2_lr,1
149707,2026-09-21,住之江,2,3282,4.41,23,0.0909,0.0909,11,B1,0.19,1,72,21,3.7,0.1,0.227,10,7.02,0.9091,0.01,29.25,0.4074,1,1,27,23.52,v2_lr,0
149707,2026-09-21,住之江,3,3975,5.97,39.5,0.2609,0.3043,23,A2,0.15,7,69,26,3.2,0.2,0.113,10,7.06,0.5455,0.06,39.62,1,1,1,27,30.33,v2_lr,0
149707,2026-09-21,住之江,4,4603,4.98,29.8,0.2308,0.5385,13,B1,0.15,3,74,14,2.6,0.2,0.171,10,7.02,0.9091,0.07,24.75,0.1503,1,1,27,17.74,v2_lr,0
149707,2026-09-21,住之江,5,3713,6.28,47.1,0,0.25,4,A1,0.16,4,65,14,3.5,0.2,0.176,10,7.01,1,0.14,28.71,0.3766,1,1,27,2.94,v2_lr,0
149707,2026-09-21,住之江,6,4010,4.01,15,0.1333,0.2667,15,B1,0.16,0,37,1,5,0,0.193,10,7.01,1,0.13,39.42,0.9886,1,1,27,4.34,v2_lr,0
149708,2026-09-21,住之江,2,3853,5.5,34.4,0.2353,0.4118,17,A2,0.2,8,76,33,2.8,0.3,0.175,10,7,0.6,-0.06,17.17,0,5,2,27,26.86,v2_lr,0
149708,2026-09-21,住之江,3,4420,5.7,37.2,0.129,0.2581,31,A2,0.16,11,85,34,3.9,0.1,0.179,10,7,0.6,0.11,37.38,1,5,2,27,14.15,v2_lr,0
149708,2026-09-21,住之江,4,3813,6.43,45.9,0.5,0.75,4,A1,0.15,7,63,24,2.7,0.4,0.155,10,6.96,1,0.08,25.96,0.4349,5,2,27,33.75,v2_lr,1
149708,2026-09-21,住之江,5,4988,4.42,32.4,0.1,0.45,20,B1,0.14,4,68,8,3.9,0.2,0.096,10,7.06,0,-0.05,35.92,0.9278,5,2,27,4.45,v2_lr,0
149708,2026-09-21,住之江,6,5425,1.08,0,0,0.25,4,B2,,0,63,0,5.2,0,0.178,10,7.04,0.2,0.22,34.65,0.8649,5,2,27,0.66,v2_lr,0
149709,2026-09-21,住之江,1,4027,5.57,33.3,0.1176,0.2941,17,A2,0.18,43,80,56,4.1,0.2,0.166,10,6.89,1,0.1,24.76,0.0883,4,2,27,52.19,v2_lr,1
149709,2026-09-21,住之江,2,3935,5.14,29.1,0,0,5,B1,0.16,3,55,17,3.2,0.2,0.157,10,6.95,0.4545,-0.02,34.62,0.4309,4,2,27,19.13,v2_lr,0
149709,2026-09-21,住之江,3,5130,4.45,16.5,0,0.2,5,B1,0.18,3,84,16,3.9,0,0.191,10,7,0,-0.05,38.24,0.5566,4,2,27,9.62,v2_lr,0
149709,2026-09-21,住之江,4,4303,5.26,32.3,0.0417,0.125,24,B1,0.19,9,77,23,3.5,0.1,0.157,10,7,0,0.04,51,1,4,2,27,7.16,v2_lr,0
149709,2026-09-21,住之江,5,4905,4.3,22.5,0.1515,0.2424,33,B1,0.21,0,70,3,3.5,0.2,0.187,10,6.99,0.0909,0.25,22.22,0,4,2,27,5.72,v2_lr,0
149709,2026-09-21,住之江,6,4497,6.64,45.9,0.1875,0.375,32,A1,0.14,4,66,11,2.7,0.2,0.15,10,6.95,0.4545,0.36,28.13,0.2054,4,2,27,6.18,v2_lr,0
149710,2026-09-21,住之江,1,5378,1.84,2.1,0,0,10,B2,,1,4,1,5.7,0,0.191,10,7.02,0.7,0.16,18.1,0,3,1,26,17.16,v2_lr,0
149710,2026-09-21,住之江,2,4580,5.36,34.1,0.1304,0.3043,23,B1,0.18,10,70,31,4.4,0,0.159,10,7.09,0,0.09,20,0.0625,3,1,26,18.36,v2_lr,0
149710,2026-09-21,住之江,3,4578,5.74,46.6,0.2333,0.4,60,A2,0.18,13,72,30,3.3,0.1,0.133,10,7,0.9,0.13,40,0.7202,3,1,26,28.37,v2_lr,1
149710,2026-09-21,住之江,4,3680,4.42,24.2,0,0.1667,30,B1,0.23,3,70,13,4.5,0,0.218,10,6.99,1,0.01,48.51,1,3,1,26,7.62,v2_lr,0
149710,2026-09-21,住之江,5,4073,6.34,48,0.25,0.75,4,A1,0.14,7,73,15,2.3,0.2,0.153,10,7.01,0.8,-0.01,26.26,0.2683,3,1,26,21.34,v2_lr,0
149710,2026-09-21,住之江,6,4552,5.35,38.3,0.2188,0.3438,32,B1,0.16,7,58,12,4.2,0.1,0.138,10,7,0.9,0.02,33.96,0.5215,3,1,26,7.15,v2_lr,0
149711,2026-09-21,住之江,1,4618,4.98,26.1,0.1053,0.3684,19,B1,0.19,18,48,25,3.3,0.1,0.186,10,6.98,0.4737,0.02,38.1,1,2,1,26,30.81,v2_lr,1
149711,2026-09-21,住之江,2,4762,6.77,43.4,0.2,0.4333,30,A1,0.12,23,81,47,2.1,0.6,0.113,10,6.92,0.7895,0.07,34.02,0.6107,2,1,26,28.67,v2_lr,0
149711,2026-09-21,住之江,3,4103,3.69,16.8,0,0,4,B1,0.18,0,68,8,4.3,0,0.191,10,7.07,0,0.14,33.96,0.605,2,1,26,4.9,v2_lr,0
149711,2026-09-21,住之江,4,4118,5.94,42.2,0.4,0.4,5,A2,0.15,13,83,31,2.7,0.4,0.149,10,6.93,0.7368,0.17,37.74,0.9656,2,1,26,26.24,v2_lr,0
149711,2026-09-21,住之江,5,5374,2.61,4.8,0.25,0.25,4,B1,,2,85,8,3.8,0.1,0.166,10,6.88,1,0.05,27.62,0,2,1,26,7.46,v2_lr,0
149711,2026-09-21,住之江,6,3282,4.41,23,0.0909,0.0909,11,B1,0.19,0,50,0,3.7,0.1,0.227,10,6.95,0.6316,0.06,29.25,0.1555,2,1,26,1.92,v2_lr,0
149712,2026-09-21,住之江,1,4988,4.42,32.4,0.1,0.45,20,B1,0.14,23,51,30,3.9,0.2,0.096,10,7.02,0,0.19,35.92,0.5892,5,2,26,31.21,v2_lr,1
149712,2026-09-21,住之江,2,4472,6.35,42.6,0.1304,0.6087,23,A1,0.17,22,90,48,3.3,0.1,0.134,10,6.89,1,-0.03,45.54,1,5,2,26,33.84,v2_lr,0
149712,2026-09-21,住之江,3,4495,4.8,28.5,0.1429,0.3571,14,B2,0.17,7,55,17,3.7,0.2,0.175,10,6.97,0.3846,-0.03,24,0.0803,5,2,26,18.3,v2_lr,0
149712,2026-09-21,住之江,4,4301,4.41,25.3,0,0.3077,13,B1,0.19,4,51,11,3.1,0.3,0.125,10,7,0.1538,-0.06,22.12,0,5,2,26,6.32,v2_lr,0
149712,2026-09-21,住之江,5,4040,6.06,43.3,0.2,0.2,5,A2,0.14,7,72,19,2.8,0.4,0.144,10,6.96,0.4615,0.06,36.27,0.6042,5,2,26,9.15,v2_lr,0
149712,2026-09-21,住之江,6,3875,4.2,24.7,0,0,4,B1,0.16,1,49,3,4,0.1,0.179,10,6.98,0.3077,0.07,30.1,0.3407,5,2,26,1.18,v2_lr,0
149713,2026-09-21,住之江,1,4393,4.36,20,0.0952,0.1905,21,B1,0.18,18,47,25,3.8,0.2,0.202,10,6.95,0.9444,-0.19,43.56,1,5,2,26,24.01,v2_lr,0
149713,2026-09-21,住之江,2,3988,5.66,40.5,0.2857,0.4643,28,A2,0.15,11,84,37,3.5,0.2,0.135,10,6.96,0.8889,0.15,25.24,0,5,2,26,25.61,v2_lr,0
149713,2026-09-21,住之江,3,4010,4.01,15,0.1333,0.2667,15,B1,0.16,1,60,8,5,0,0.193,10,6.99,0.7222,-0.04,39.42,0.774,5,2,26,12.94,v2_lr,0
149713,2026-09-21,住之江,4,4645,6.41,46.3,0.4,0.8,5,A1,0.14,15,69,27,2.5,0.4,0.156,10,6.97,0.8333,0.07,40.2,0.8166,5,2,26,29,v2_lr,1
149713,2026-09-21,住之江,5,4601,6.64,51.8,0.2,0.5333,15,A1,0.11,9,63,16,2.5,0.3,0.136,10,6.94,1,0.08,35.92,0.583,5,2,26,7.58,v2_lr,0
149713,2026-09-21,住之江,6,3568,4.19,24.4,0.037,0.2222,27,B1,0.19,0,48,2,4.3,0,0.169,10,7.12,0,-0.03,36.19,0.5977,5,2,26,0.85,v2_lr,0
149714,2026-09-21,住之江,1,4215,5.7,36.3,0.3571,0.5714,14,A2,0.17,58,96,69,2.4,0.4,0.139,10,6.97,0.6667,-0.11,31.07,0.4856,3,1,26,29.6,v2_lr,0
149714,2026-09-21,住之江,2,5051,6.45,43.2,0.3333,0.4667,15,A1,0.15,15,80,43,2.9,0.3,0.11,10,6.92,1,0.05,32.69,0.583,3,1,26,27.91,v2_lr,0
149714,2026-09-21,住之江,3,4073,6.34,48,0.25,0.75,4,A1,0.14,13,83,47,2.3,0.2,0.153,10,6.99,0.5333,0.1,26.26,0.1961,3,1,26,22.79,v2_lr,1
149714,2026-09-21,住之江,4,4027,5.57,33.3,0.1176,0.2941,17,A2,0.18,16,69,21,4.1,0.2,0.166,10,6.98,0.6,0.01,24.76,0.1059,3,1,26,8.42,v2_lr,0
149714,2026-09-21,住之江,5,3975,5.97,39.5,0.2609,0.3043,23,A2,0.15,0,78,6,3.2,0.2,0.113,10,7,0.4667,-0.04,39.62,1,3,1,26,9.52,v2_lr,0
149714,2026-09-21,住之江,6,3893,4.43,22.9,0.2,0.4,5,B1,0.18,0,46,1,3.4,0.1,0.168,10,7.07,0,0.16,23,0,3,1,26,1.75,v2_lr,0
149715,2026-09-21,住之江,1,4762,6.77,43.4,0.2,0.4333,30,A1,0.12,96,116,105,2.1,0.6,0.113,10,6.93,0.6,-0.01,34.02,1,2,1,25,31.09,v2_lr,0
149715,2026-09-21,住之江,2,4394,5.88,42.2,0.2273,0.3182,22,A2,0.14,8,58,21,2.6,0.2,0.108,10,6.95,0.2,0.05,30.11,0.5149,2,1,25,24.4,v2_lr,0
149715,2026-09-21,住之江,3,3713,6.28,47.1,0,0.25,4,A1,0.16,16,71,33,3.5,0.2,0.176,10,6.96,0,0.15,28.71,0.3412,2,1,25,4.33,v2_lr,0
149715,2026-09-21,住之江,4,5106,5.53,32.1,0.129,0.3548,31,A2,0.21,7,63,17,3.7,0.2,0.186,10,6.93,0.6,0.18,29,0.3772,2,1,25,9.15,v2_lr,0
149715,2026-09-21,住之江,5,4000,6.16,42,0.1304,0.3478,23,A2,0.17,1,76,7,3.1,0.2,0.175,10,6.94,0.4,0.02,33.02,0.8759,2,1,25,6.6,v2_lr,1
149715,2026-09-21,住之江,6,3813,6.43,45.9,0.5,0.75,4,A1,0.15,2,63,9,2.7,0.4,0.155,10,6.91,1,0.01,25.96,0,2,1,25,24.42,v2_lr,0
149716,2026-09-21,住之江,1,4497,6.64,45.9,0.1875,0.375,32,A1,0.14,70,94,81,2.7,0.2,0.15,10,6.94,0.8182,-0.04,28.13,0.1626,3,1,25,32.11,v2_lr,1
149716,2026-09-21,住之江,2,4603,4.98,29.8,0.2308,0.5385,13,B1,0.15,10,73,37,2.6,0.2,0.171,10,6.97,0.5455,0.06,24.75,0,3,1,25,24.22,v2_lr,0
149716,2026-09-21,住之江,3,4472,6.35,42.6,0.1304,0.6087,23,A1,0.17,15,86,40,3.3,0.1,0.134,10,6.93,0.9091,-0.04,45.54,1,3,1,25,17.28,v2_lr,0
149716,2026-09-21,住之江,4,4578,5.74,46.6,0.2333,0.4,60,A2,0.18,9,72,25,3.3,0.1,0.133,10,6.97,0.5455,0,40,0.7335,3,1,25,16.62,v2_lr,0
149716,2026-09-21,住之江,5,4389,5.63,33,0.1351,0.3243,74,A2,0.19,2,65,8,3.2,0.2,0.183,10,6.92,1,-0.13,38.68,0.67,3,1,25,7.84,v2_lr,0
149716,2026-09-21,住之江,6,4420,5.7,37.2,0.129,0.2581,31,A2,0.16,1,74,9,3.9,0.1,0.179,10,7.03,0,0.11,37.38,0.6075,3,1,25,1.93,v2_lr,0
149717,2026-09-21,尼崎,1,3690,4.47,24.5,0.1176,0.2353,17,B1,0.21,23,64,40,3.7,0.1,0.151,10,6.96,0.8571,0.09,35.71,1,3,0,26.4,43.76,v2_lr,1
149717,2026-09-21,尼崎,2,4097,3.58,11.2,0.0556,0.2778,18,B1,0.2,2,61,11,4,0.1,0.19,10,7.02,0,0.08,29.2,0.6613,3,0,26.4,17.23,v2_lr,0
149717,2026-09-21,尼崎,3,4635,5.56,41.1,0.1351,0.3514,37,A2,0.11,8,56,29,3.5,0.1,0.146,10,6.95,1,0.2,35.09,0.9677,3,0,26.4,22.27,v2_lr,0
149717,2026-09-21,尼崎,4,4782,4.27,21.6,0.1333,0.1333,15,B1,0.15,4,52,11,4,0.2,0.199,10,6.95,1,0.23,31.53,0.7825,3,0,26.4,12.8,v2_lr,0
149717,2026-09-21,尼崎,5,3891,3.28,9.8,0,0,7,B1,0.16,1,72,5,4.7,0,0.14,10,6.99,0.4286,0.11,16.49,0,3,0,26.4,2.21,v2_lr,0
149718,2026-09-21,尼崎,1,3372,3.07,9,0,0.1429,7,B2,0.2,6,38,15,5,0,0.228,10,6.94,0.0909,0.08,53.1,1,2,0,29.4,44.88,v2_lr,1
149718,2026-09-21,尼崎,2,5318,3.42,15,0,0.3333,12,B1,0.19,0,31,2,3.7,0,0.159,10,6.94,0.0909,0.14,24.3,0.061,2,0,29.4,13.9,v2_lr,0
149718,2026-09-21,尼崎,3,3535,3.94,22.5,0.1522,0.2174,46,B1,0.2,4,58,9,4.8,0,0.198,10,6.92,0.2727,0.18,34.21,0.3841,2,0,29.4,23.12,v2_lr,0
149718,2026-09-21,尼崎,4,4641,5.03,28.5,0.0833,0.2917,24,B1,0.17,4,62,10,3.7,0,0.211,10,6.84,1,0.28,42.24,0.6459,2,0,29.4,13.08,v2_lr,0
149718,2026-09-21,尼崎,5,4405,4.09,14.7,0.0625,0.1875,16,B1,0.17,1,65,7,4.1,0,0.18,10,6.95,0,0.12,22.43,0,2,0,29.4,3.58,v2_lr,0
149718,2026-09-21,尼崎,6,4818,3.45,27.5,0,0,7,B2,,1,38,4,4.8,0.1,0.131,10,6.92,0.2727,0.11,40.18,0.5787,2,0,29.4,1.43,v2_lr,0
149719,2026-09-21,尼崎,1,4057,5.98,46.6,0.1828,0.4409,93,A2,0.15,55,98,80,4,0.1,0.174,10,6.91,0.3333,0.05,31.25,0.527,3,0,29.7,32.43,v2_lr,1
149719,2026-09-21,尼崎,2,5096,5.63,36.2,0.125,0.375,8,A2,0.16,9,80,38,3.3,0.1,0.12,10,6.89,1,-0.01,23.53,0,3,0,29.7,22.38,v2_lr,0
149719,2026-09-21,尼崎,3,3992,5.33,34.6,0.2308,0.2692,26,B1,0.16,10,61,13,2.9,0.2,0.169,10,6.91,0.3333,0.16,23.58,0.0034,3,0,29.7,19.11,v2_lr,0
149719,2026-09-21,尼崎,4,3562,5.79,43.9,0.225,0.4,40,A2,0.17,9,79,31,2.6,0.2,0.151,10,6.9,0.6667,0.07,38.18,1,3,0,29.7,17.13,v2_lr,0
149719,2026-09-21,尼崎,5,3929,4.36,22.8,0.1765,0.2353,17,B1,0.17,4,68,11,3.7,0.2,0.152,10,6.9,0.6667,-0.01,29.46,0.4048,3,0,29.7,7.27,v2_lr,0
149719,2026-09-21,尼崎,6,3422,6.2,46.8,0,0.25,8,A2,0.13,7,74,22,3.7,0,0.158,10,6.92,0,0.16,32.43,0.6075,3,0,29.7,1.69,v2_lr,0
149720,2026-09-21,尼崎,1,4643,6.36,47.7,0.2222,0.5556,18,A2,0.11,69,85,75,2.8,0.2,0.134,10,6.84,1,0.09,31.9,0.4329,5,3,29,43.26,v2_lr,1
149720,2026-09-21,尼崎,2,4403,6.06,46.6,0.2,0.5333,15,A2,0.15,26,77,52,3.1,0.2,0.161,10,6.9,0.4,0.18,34.86,0.5279,5,3,29,27.4,v2_lr,0
149720,2026-09-21,尼崎,3,3656,5.17,29.7,0.1,0.3,30,B1,0.13,3,66,21,4,0.1,0.192,10,6.93,0.1,0.22,18.42,0,5,3,29,9.7,v2_lr,0
149720,2026-09-21,尼崎,4,3226,4.85,29.5,0.0952,0.2857,21,B1,0.16,3,68,13,3.2,0.1,0.169,10,6.94,0,0.07,49.56,1,5,3,29,6.68,v2_lr,0
149720,2026-09-21,尼崎,5,5086,3.96,20.2,0.1429,0.1429,7,B1,0.2,2,63,4,4.5,0.2,0.164,10,6.88,0.6,0.04,36.84,0.5915,5,3,29,5.58,v2_lr,0
149720,2026-09-21,尼崎,6,4025,6.63,51,0.2576,0.4545,66,A1,0.19,6,67,15,2.4,0.5,0.17,10,6.93,0.1,0.04,37.84,0.6236,5,3,29,7.37,v2_lr,0
149721,2026-09-21,尼崎,1,4202,4.5,27.6,0.25,0.25,8,B1,0.17,26,62,39,3.8,0.2,0.186,10,6.92,0.5,-0.01,46.02,1,4,0,29.4,39.25,v2_lr,1
149721,2026-09-21,尼崎,2,3752,3.86,18.2,0.04,0.16,25,B1,0.22,2,65,17,3.6,0.1,0.134,10,6.91,0.625,0.11,39.82,0.743,4,0,29.4,15.12,v2_lr,0
149721,2026-09-21,尼崎,3,3685,5.61,38.7,0.125,0.1875,16,A2,0.13,10,77,33,4.2,0.1,0.217,10,6.88,1,0.06,41.96,0.8317,4,0,29.4,17.67,v2_lr,0
149721,2026-09-21,尼崎,4,3412,6.71,51.4,0.2,0.3429,35,A1,0.21,10,82,32,3.6,0.1,0.172,10,6.91,0.625,0.16,21.9,0,4,0,29.4,14.49,v2_lr,0
149721,2026-09-21,尼崎,5,4097,3.58,11.2,0.0556,0.2778,18,B1,0.2,1,61,7,4,0.1,0.19,10,6.96,0,0.11,29.2,0.3027,4,0,29.4,2.09,v2_lr,0
149721,2026-09-21,尼崎,6,3908,7.03,52.5,0.3182,0.6364,22,A1,0.18,7,77,18,2.4,0.3,0.178,10,6.93,0.375,-0.04,24.32,0.1003,4,0,29.4,11.38,v2_lr,0
149722,2026-09-21,尼崎,1,4331,5.79,37.5,0.1818,0.2727,22,A2,0.15,54,80,63,3.6,0.1,0.145,10,6.93,0,0.18,25.45,0.024,3,0,30.4,32.33,v2_lr,1
149722,2026-09-21,尼崎,2,4641,5.03,28.5,0.0833,0.2917,24,B1,0.17,3,59,14,3.7,0,0.211,10,6.81,1,-0.01,42.24,0.6167,3,0,30.4,22.93,v2_lr,0
149722,2026-09-21,尼崎,3,4782,4.27,21.6,0.1333,0.1333,15,B1,0.15,4,65,14,4,0.2,0.199,10,6.89,0.3333,-0.02,31.53,0.2386,3,0,30.4,13.82,v2_lr,0
149722,2026-09-21,尼崎,4,3987,6.32,45.4,0.4444,0.7778,9,A1,0.18,10,68,24,2,0.5,0.155,10,6.91,0.1667,0.06,24.77,0,3,0,30.4,25.91,v2_lr,0
149722,2026-09-21,尼崎,5,3372,3.07,9,0,0.1429,7,B2,0.2,0,34,1,5,0,0.228,10,6.91,0.1667,0.05,53.1,1,3,0,30.4,4.37,v2_lr,0
149722,2026-09-21,尼崎,6,5456,0,0,0,0.037,27,B2,,0,41,1,4.9,0,0.104,10,6.9,0.25,0.08,27.88,0.1098,3,0,30.4,0.65,v2_lr,0
149723,2026-09-21,尼崎,1,4446,7.19,57,0.1765,0.4235,85,A1,0.13,83,103,94,2.5,0.3,0.127,10,6.84,1,0.04,20,0.137,2,0,29,49.81,v2_lr,1
149723,2026-09-21,尼崎,2,3929,4.36,22.8,0.1765,0.2353,17,B1,0.17,7,69,17,3.7,0.2,0.152,10,6.91,0.4167,0.07,29.46,0.5062,2,0,29,33.83,v2_lr,0
149723,2026-09-21,尼崎,3,3891,3.28,9.8,0,0,7,B1,0.16,0,80,14,4.7,0,0.14,10,6.92,0.3333,0.11,16.49,0,2,0,29,7.67,v2_lr,0
149723,2026-09-21,尼崎,4,5318,3.42,15,0,0.3333,12,B1,0.19,3,79,5,3.7,0,0.159,10,6.94,0.1667,0.28,24.3,0.3048,2,0,29,3.4,v2_lr,0
149723,2026-09-21,尼崎,5,4818,3.45,27.5,0,0,7,B2,,2,28,5,4.8,0.1,0.131,10,6.94,0.1667,0.09,40.18,0.9247,2,0,29,2.3,v2_lr,0
149723,2026-09-21,尼崎,6,3566,5.21,31.1,0.125,0.3125,16,B1,0.17,0,49,1,3.9,0.2,0.195,10,6.96,0,0.16,42.11,1,2,0,29,2.99,v2_lr,0
149724,2026-09-21,尼崎,1,3422,6.2,46.8,0,0.25,8,A2,0.13,77,109,92,3.7,0,0.158,10,6.9,0.6,0.14,32.43,0.6285,3,0,28.5,34.58,v2_lr,1
149724,2026-09-21,尼崎,2,3535,3.94,22.5,0.1522,0.2174,46,B1,0.2,4,62,15,4.8,0,0.198,10,6.96,0,0.3,34.21,0.7084,3,0,28.5,23.18,v2_lr,0
149724,2026-09-21,尼崎,3,5086,3.96,20.2,0.1429,0.1429,7,B1,0.2,8,65,20,4.5,0.2,0.164,10,6.86,1,0.18,36.84,0.8264,3,0,28.5,20.56,v2_lr,0
149724,2026-09-21,尼崎,4,3656,5.17,29.7,0.1,0.3,30,B1,0.13,4,62,13,4,0.1,0.192,10,6.89,0.7,0.25,18.42,0,3,0,28.5,8.45,v2_lr,0
149724,2026-09-21,尼崎,5,4057,5.98,46.6,0.1828,0.4409,93,A2,0.15,3,78,14,4,0.1,0.174,10,6.91,0.5,0.06,31.25,0.5756,3,0,28.5,10.25,v2_lr,0
149724,2026-09-21,尼崎,6,4837,4.53,21.5,0.1304,0.2609,23,B1,0.18,0,51,2,3.7,0.1,0.155,10,6.95,0.1,0.19,40.71,1,3,0,28.5,2.99,v2_lr,0
149725,2026-09-21,尼崎,1,3412,6.71,51.4,0.2,0.3429,35,A1,0.21,80,108,94,3.6,0.1,0.172,10,6.86,0.6,0.08,21.9,0,1,0,28,41.14,v2_lr,1
149725,2026-09-21,尼崎,2,3226,4.85,29.5,0.0952,0.2857,21,B1,0.16,1,72,14,3.2,0.1,0.169,10,6.83,0.9,0.42,49.56,1,1,0,28,22.22,v2_lr,0
149725,2026-09-21,尼崎,3,4405,4.09,14.7,0.0625,0.1875,16,B1,0.17,5,82,18,4.1,0,0.18,10,6.86,0.6,0.23,22.43,0.0192,1,0,28,10.1,v2_lr,0
149725,2026-09-21,尼崎,4,3992,5.33,34.6,0.2308,0.2692,26,B1,0.16,8,64,18,2.9,0.2,0.169,10,6.92,0,0.11,23.58,0.0607,1,0,28,13.22,v2_lr,0
149725,2026-09-21,尼崎,5,3685,5.61,38.7,0.125,0.1875,16,A2,0.13,5,66,17,4.2,0.1,0.217,10,6.88,0.4,0.26,41.96,0.7252,1,0,28,4.76,v2_lr,0
149725,2026-09-21,尼崎,6,4643,6.36,47.7,0.2222,0.5556,18,A2,0.11,4,63,12,2.8,0.2,0.134,10,6.82,1,0.29,31.9,0.3615,1,0,28,8.56,v2_lr,0
149726,2026-09-21,尼崎,1,3908,7.03,52.5,0.3182,0.6364,22,A1,0.18,77,116,94,2.4,0.3,0.178,10,6.87,0.5,0.23,24.32,0,2,0,27.2,37.64,v2_lr,1
149726,2026-09-21,尼崎,2,3562,5.79,43.9,0.225,0.4,40,A2,0.17,13,89,40,2.6,0.2,0.151,10,6.84,1,0.27,38.18,0.8942,2,0,27.2,30.15,v2_lr,0
149726,2026-09-21,尼崎,3,3690,4.47,24.5,0.1176,0.2353,17,B1,0.21,9,82,27,3.7,0.1,0.151,10,6.9,0,0.29,35.71,0.7348,2,0,27.2,12.79,v2_lr,0
149726,2026-09-21,尼崎,4,4403,6.06,46.6,0.2,0.5333,15,A2,0.15,9,70,26,3.1,0.2,0.161,10,6.88,0.3333,0.18,34.86,0.68,2,0,27.2,10.7,v2_lr,0
149726,2026-09-21,尼崎,5,4331,5.79,37.5,0.1818,0.2727,22,A2,0.15,3,74,11,3.6,0.1,0.145,10,6.88,0.3333,0.11,25.45,0.0729,2,0,27.2,7.59,v2_lr,0
149726,2026-09-21,尼崎,6,3752,3.86,18.2,0.04,0.16,25,B1,0.22,1,50,3,3.6,0.1,0.134,10,6.9,0,0.12,39.82,1,2,0,27.2,1.13,v2_lr,0
149727,2026-09-21,尼崎,1,4025,6.63,51,0.2576,0.4545,66,A1,0.19,69,99,82,2.4,0.5,0.17,10,6.85,1,0.15,37.84,0.6856,3,0,26.7,30.63,v2_lr,1
149727,2026-09-21,尼崎,2,3987,6.32,45.4,0.4444,0.7778,9,A1,0.18,5,61,26,2,0.5,0.155,10,6.87,0.75,0.29,24.77,0.1833,3,0,26.7,29.59,v2_lr,0
149727,2026-09-21,尼崎,3,4446,7.19,57,0.1765,0.4235,85,A1,0.13,19,79,44,2.5,0.3,0.127,10,6.85,1,-0.01,20,0,3,0,26.7,17.82,v2_lr,0
149727,2026-09-21,尼崎,4,4202,4.5,27.6,0.25,0.25,8,B1,0.17,3,66,10,3.8,0.2,0.186,10,6.91,0.25,0.02,46.02,1,3,0,26.7,17.61,v2_lr,0
149727,2026-09-21,尼崎,5,5096,5.63,36.2,0.125,0.375,8,A2,0.16,6,78,23,3.3,0.1,0.12,10,6.92,0.125,0.1,23.53,0.1357,3,0,26.7,2.57,v2_lr,0
149727,2026-09-21,尼崎,6,4635,5.56,41.1,0.1351,0.3514,37,A2,0.11,2,50,4,3.5,0.1,0.146,10,6.93,0,0.03,35.09,0.5799,3,0,26.7,1.78,v2_lr,0
149728,2026-09-21,尼崎,1,4584,6.68,48.6,0.2593,0.4444,27,A1,0.14,74,105,92,1.6,0.6,0.119,10,6.85,0.9091,0.03,38.18,0.4694,0,0,26.5,31.15,v2_lr,0
149728,2026-09-21,尼崎,2,4171,6.22,43.2,0.2692,0.5769,26,A2,0.18,14,82,44,2,0.4,0.168,10,6.9,0.4545,0.08,44.25,0.7224,0,0,26.5,26.52,v2_lr,0
149728,2026-09-21,尼崎,3,4061,6.91,47.8,0.1429,0.619,21,A1,0.13,21,79,40,1.8,0.3,0.148,10,6.84,1,0.01,35.65,0.3639,0,0,26.5,18.79,v2_lr,1
149728,2026-09-21,尼崎,4,4409,6.89,54.9,0.2857,0.6071,28,A1,0.15,12,81,36,2.5,0.3,0.164,10,6.95,0,-0.02,26.92,0,0,0,26.5,13.4,v2_lr,0
149728,2026-09-21,尼崎,5,5245,4.35,21.4,0.037,0.1852,27,B1,0.21,6,72,20,3.4,0,0.17,10,6.86,0.8182,0.09,50.91,1,0,0,26.5,2.83,v2_lr,0
149728,2026-09-21,尼崎,6,4463,5.96,42.5,0.2903,0.3871,31,A2,0.16,1,68,12,2.8,0.3,0.163,10,6.89,0.5455,0.04,41.96,0.6269,0,0,26.5,7.32,v2_lr,0
149729,2026-09-21,丸亀,1,3339,4.25,28.1,0.3333,0.5,6,B1,0.15,14,51,29,3.1,0.3,0.165,10,6.8,0.7222,0.01,0,0.5,5,5,24,46.64,v2_lr,0
149729,2026-09-21,丸亀,2,3953,3.11,10.8,0.0769,0.1538,13,B2,0.13,1,51,10,4.2,0,0.195,10,6.87,0.3333,0.09,0,0.5,5,5,24,19.53,v2_lr,0
149729,2026-09-21,丸亀,3,3459,3.67,12.3,0.0714,0.0714,14,B1,0.12,4,65,15,4.7,0.1,0.155,10,6.93,0,-0.04,0,0.5,5,5,24,11.59,v2_lr,0
149729,2026-09-21,丸亀,4,3922,3.93,18.6,0,0.0667,15,B1,0.19,2,71,9,4.6,0,0.181,10,6.81,0.6667,0.02,0,0.5,5,5,24,8.57,v2_lr,1
149729,2026-09-21,丸亀,5,5369,3.64,20,0.0714,0.0714,14,B1,0.18,0,57,3,4.2,0.2,0.115,10,6.88,0.2778,0.16,0,0.5,5,5,24,3.44,v2_lr,0
149729,2026-09-21,丸亀,6,4533,4.93,24.4,0.2333,0.3333,30,B1,0.22,0,66,9,3.7,0.3,0.156,10,6.75,1,0,0,0.5,5,5,24,10.24,v2_lr,0
149730,2026-09-21,丸亀,1,5044,4.33,25,0.1379,0.2759,29,B1,0.15,33,59,38,3.9,0,0.107,10,6.9,0.3636,0.12,0,0.5,5,5,26,43.12,v2_lr,0
149730,2026-09-21,丸亀,2,3596,3.75,13.1,0,0,14,B1,0.21,3,60,11,4.8,0,0.152,10,6.94,0,0.21,0,0.5,5,5,26,13.73,v2_lr,0
149730,2026-09-21,丸亀,3,3892,4.71,23.2,0.0625,0.1875,32,B1,0.16,3,63,18,3.4,0.1,0.136,10,6.86,0.7273,0.05,0,0.5,5,5,26,21.91,v2_lr,1
149730,2026-09-21,丸亀,4,4182,4.96,29.5,0.1818,0.4545,22,B1,0.19,8,66,13,4.3,0.1,0.136,10,6.93,0.0909,0.02,0,0.5,5,5,26,16.13,v2_lr,0
149730,2026-09-21,丸亀,5,5426,1.23,0,0,0,15,B2,,0,35,1,5.3,0,0.238,10,6.84,0.9091,0.38,0,0.5,5,5,26,2.86,v2_lr,0
149730,2026-09-21,丸亀,6,3583,3.57,14.6,0,0.1429,14,B1,0.21,0,43,1,4.9,0,0.137,10,6.83,1,0.11,0,0.5,5,5,26,2.25,v2_lr,0
149731,2026-09-21,丸亀,1,5394,3,7.6,0,0.1667,6,B1,,1,2,2,4,0.1,0.17,10,6.74,1,0.2,0,0.5,5,5,26,41.51,v2_lr,1
149731,2026-09-21,丸亀,2,4487,4.49,24.7,0.05,0.175,40,B1,0.19,6,72,20,4.5,0.1,0.174,10,6.77,0.8571,-0.05,0,0.5,5,5,26,25.83,v2_lr,0
149731,2026-09-21,丸亀,3,3930,5.48,35.2,0.125,0.2813,32,A2,0.16,8,77,24,3.2,0.1,0.179,10,6.95,0,-0.07,0,0.5,5,5,26,18.02,v2_lr,0
149731,2026-09-21,丸亀,4,5382,2.49,4.4,0,0,15,B1,,1,68,4,4.7,0,0.147,10,6.87,0.381,0.21,0,0.5,5,5,26,4.43,v2_lr,0
149731,2026-09-21,丸亀,5,4789,5.64,38.6,0.1538,0.4231,26,A2,0.14,3,67,13,3.2,0,0.143,10,6.86,0.4286,0.35,0,0.5,5,5,26,6.87,v2_lr,0
149731,2026-09-21,丸亀,6,5067,5,28.7,0.1111,0.5,18,B1,0.16,2,47,5,3.6,0.2,0.15,10,6.87,0.381,0.05,0,0.5,5,5,26,3.35,v2_lr,0
149732,2026-09-21,丸亀,1,4277,4.96,35.5,0.2,0.28,25,B1,0.16,26,45,32,3.9,0.1,0.134,10,6.72,1,0.09,0,0.5,4,4,25,41.69,v2_lr,1
149732,2026-09-21,丸亀,2,4709,5.64,37,0.2222,0.3333,18,A2,0.15,11,67,30,3.1,0.2,0.15,10,6.85,0.1333,-0.02,0,0.5,4,4,25,35.17,v2_lr,0
149732,2026-09-21,丸亀,3,5101,3.65,15.1,0,0,6,B1,0.17,1,35,3,4.5,0,0.263,10,6.87,0,0.09,0,0.5,4,4,25,6.24,v2_lr,0
149732,2026-09-21,丸亀,4,4452,5.46,38.5,0.0978,0.3043,92,A2,0.15,4,75,21,4.3,0.1,0.181,10,6.81,0.4,0.14,0,0.5,4,4,25,8.02,v2_lr,0
149732,2026-09-21,丸亀,5,4523,5.78,38.5,0.1429,0.4762,21,A2,0.15,2,66,12,2.5,0.2,0.143,10,6.85,0.1333,0.18,0,0.5,4,4,25,4.95,v2_lr,0
149732,2026-09-21,丸亀,6,4133,6.23,50,0.1364,0.5,22,A2,0.19,5,74,13,2.8,0.2,0.116,10,6.79,0.5333,0.27,0,0.5,4,4,25,3.93,v2_lr,0
149733,2026-09-21,丸亀,1,3661,5.58,30.6,0.1111,0.2963,27,A2,0.2,31,79,53,3.6,0.1,0.166,10,6.87,0.4,0.08,0,0.5,5,5,25,28.57,v2_lr,0
149733,2026-09-21,丸亀,2,4498,6,44.4,0.2667,0.4,15,B2,0.18,3,47,15,3.8,0.2,0.17,10,6.77,0.9,0.05,0,0.5,5,5,25,34.7,v2_lr,0
149733,2026-09-21,丸亀,3,5311,5.26,31.6,0.1071,0.2857,28,B1,0.17,8,47,13,3.2,0.2,0.141,10,6.75,1,0.13,0,0.5,5,5,25,22.47,v2_lr,1
149733,2026-09-21,丸亀,4,3459,3.67,12.3,0.0714,0.0714,14,B1,0.12,6,70,8,4.7,0.1,0.155,10,6.95,0,0.38,0,0.5,5,5,25,4.04,v2_lr,0
149733,2026-09-21,丸亀,5,4513,5.75,40.7,0.0476,0.2857,21,A2,0.19,5,65,15,2.9,0.1,0.149,10,6.8,0.75,0.18,0,0.5,5,5,25,4.59,v2_lr,0
149733,2026-09-21,丸亀,6,4220,4.8,28.7,0.2024,0.3214,84,B1,0.19,0,58,5,2.6,0.4,0.15,10,6.79,0.8,0.21,0,0.5,5,5,25,5.63,v2_lr,0
149734,2026-09-21,丸亀,1,4718,6.22,47.1,0.1538,0.4615,26,A2,0.13,48,80,57,3.6,0,0.189,10,6.83,0.1333,-0.13,0,0.5,6,6,25,29.6,v2_lr,1
149734,2026-09-21,丸亀,2,3233,4.75,23.5,0.1667,0.3333,6,B1,0.15,4,73,17,3.8,0.1,0.147,10,6.81,0.2667,0.11,0,0.5,6,6,25,18.91,v2_lr,0
149734,2026-09-21,丸亀,3,4308,6.75,46,0.25,0.25,8,A1,0.17,12,76,32,3,0.3,0.163,10,6.7,1,0.06,0,0.5,6,6,25,23.34,v2_lr,0
149734,2026-09-21,丸亀,4,4587,6.36,52.5,0.5,0.625,8,A1,0.17,13,69,26,2.8,0.5,0.184,10,6.84,0.0667,0.14,0,0.5,6,6,25,25.38,v2_lr,0
149734,2026-09-21,丸亀,5,3953,3.11,10.8,0.0769,0.1538,13,B2,0.13,1,52,3,4.2,0,0.195,10,6.85,0,0.22,0,0.5,6,6,25,2.13,v2_lr,0
149734,2026-09-21,丸亀,6,5426,1.23,0,0,0,15,B2,,0,80,1,5.3,0,0.238,10,6.81,0.2667,0.31,0,0.5,6,6,25,0.65,v2_lr,0
149735,2026-09-21,丸亀,1,4520,6.17,44.6,0.0714,0.2857,14,A2,0.13,29,59,36,3.5,0.1,0.179,10,6.78,1,0.19,0,0.5,7,7,25,48.91,v2_lr,1
149735,2026-09-21,丸亀,2,3922,3.93,18.6,0,0.0667,15,B1,0.19,1,84,12,4.6,0,0.181,10,6.78,1,0.15,0,0.5,7,7,25,29.79,v2_lr,0
149735,2026-09-21,丸亀,3,5382,2.49,4.4,0,0,15,B1,,0,17,0,4.7,0,0.147,10,6.85,0.5333,0.23,0,0.5,7,7,25,9.91,v2_lr,0
149735,2026-09-21,丸亀,4,3596,3.75,13.1,0,0,14,B1,0.21,1,60,5,4.8,0,0.152,10,6.93,0,0.3,0,0.5,7,7,25,4.09,v2_lr,0
149735,2026-09-21,丸亀,5,4487,4.49,24.7,0.05,0.175,40,B1,0.19,1,76,7,4.5,0.1,0.174,10,6.87,0.4,0.15,0,0.5,7,7,25,4.38,v2_lr,0
149735,2026-09-21,丸亀,6,4526,5.83,43.1,0.0833,0.4167,12,A2,0.15,2,57,8,2.8,0.1,0.139,10,6.87,0.4,0.14,0,0.5,7,7,25,2.91,v2_lr,0
149736,2026-09-21,丸亀,1,4133,6.23,50,0.1364,0.5,22,A2,0.19,56,101,80,2.8,0.2,0.116,10,6.78,0.6,0.02,0,0.5,7,7,25,30.33,v2_lr,1
149736,2026-09-21,丸亀,2,5369,3.64,20,0.0714,0.0714,14,B1,0.18,2,29,8,4.2,0.2,0.115,10,6.79,0.5,0.09,0,0.5,7,7,25,15.17,v2_lr,0
149736,2026-09-21,丸亀,3,4533,4.93,24.4,0.2333,0.3333,30,B1,0.22,6,54,16,3.7,0.3,0.156,10,6.8,0.4,0.03,0,0.5,7,7,25,21.69,v2_lr,0
149736,2026-09-21,丸亀,4,4523,5.78,38.5,0.1429,0.4762,21,A2,0.15,2,64,20,2.5,0.2,0.143,10,6.78,0.6,0.02,0,0.5,7,7,25,10.01,v2_lr,0
149736,2026-09-21,丸亀,5,4182,4.96,29.5,0.1818,0.4545,22,B1,0.19,1,70,6,4.3,0.1,0.136,10,6.84,0,0.4,0,0.5,7,7,25,4.1,v2_lr,0
149736,2026-09-21,丸亀,6,4468,6.31,38.4,0.4375,0.625,16,A1,0.13,4,73,12,3.5,0.2,0.14,10,6.74,1,0.31,0,0.5,7,7,25,18.7,v2_lr,0
149737,2026-09-21,丸亀,1,4452,5.46,38.5,0.0978,0.3043,92,A2,0.15,41,87,65,4.3,0.1,0.181,10,6.85,0.5455,0.01,0,0.5,6,6,25,34.5,v2_lr,0
149737,2026-09-21,丸亀,2,3892,4.71,23.2,0.0625,0.1875,32,B1,0.16,8,68,27,3.4,0.1,0.136,10,6.81,0.9091,0.05,0,0.5,6,6,25,27.95,v2_lr,0
149737,2026-09-21,丸亀,3,5394,3,7.6,0,0.1667,6,B1,,0,5,0,4,0.1,0.17,10,6.83,0.7273,0.09,0,0.5,6,6,25,20.19,v2_lr,0
149737,2026-09-21,丸亀,4,4513,5.75,40.7,0.0476,0.2857,21,A2,0.19,8,70,21,2.9,0.1,0.149,10,6.8,1,0.23,0,0.5,6,6,25,10.75,v2_lr,1
149737,2026-09-21,丸亀,5,3661,5.58,30.6,0.1111,0.2963,27,A2,0.2,3,70,8,3.6,0.1,0.166,10,6.87,0.3636,0.15,0,0.5,6,6,25,5.51,v2_lr,0
149737,2026-09-21,丸亀,6,5101,3.65,15.1,0,0,6,B1,0.17,0,23,1,4.5,0,0.263,10,6.91,0,0.06,0,0.5,6,6,25,1.1,v2_lr,0
149738,2026-09-21,丸亀,1,5311,5.26,31.6,0.1071,0.2857,28,B1,0.17,19,34,23,3.2,0.2,0.141,10,6.77,0.8,-0.03,0,0.5,4,4,25,32.25,v2_lr,1
149738,2026-09-21,丸亀,2,4277,4.96,35.5,0.2,0.28,25,B1,0.16,6,68,23,3.9,0.1,0.134,10,6.75,1,0.02,0,0.5,4,4,25,30.82,v2_lr,0
149738,2026-09-21,丸亀,3,4718,6.22,47.1,0.1538,0.4615,26,A2,0.13,12,68,29,3.6,0,0.189,10,6.83,0.2,0.12,0,0.5,4,4,25,16.35,v2_lr,0
149738,2026-09-21,丸亀,4,3930,5.48,35.2,0.125,0.2813,32,A2,0.16,12,70,22,3.2,0.1,0.179,10,6.85,0,0.16,0,0.5,4,4,25,6.42,v2_lr,0
149738,2026-09-21,丸亀,5,3233,4.75,23.5,0.1667,0.3333,6,B1,0.15,1,61,7,3.8,0.1,0.147,10,6.82,0.3,-0.02,0,0.5,4,4,25,5.12,v2_lr,0
149738,2026-09-21,丸亀,6,3339,4.25,28.1,0.3333,0.5,6,B1,0.15,1,48,5,3.1,0.3,0.165,10,6.75,1,-0.07,0,0.5,4,4,25,9.04,v2_lr,0
149739,2026-09-21,丸亀,1,4709,5.64,37,0.2222,0.3333,18,A2,0.15,45,79,57,3.1,0.2,0.15,10,6.8,0.4444,-0.01,0,0.5,4,4,25,29.93,v2_lr,1
149739,2026-09-21,丸亀,2,4308,6.75,46,0.25,0.25,8,A1,0.17,10,71,32,3,0.3,0.163,10,6.75,1,-0.01,0,0.5,4,4,25,26.2,v2_lr,0
149739,2026-09-21,丸亀,3,4587,6.36,52.5,0.5,0.625,8,A1,0.17,22,86,35,2.8,0.5,0.184,10,6.81,0.3333,-0.06,0,0.5,4,4,25,29.03,v2_lr,0
149739,2026-09-21,丸亀,4,4520,6.17,44.6,0.0714,0.2857,14,A2,0.13,9,69,20,3.5,0.1,0.179,10,6.84,0,0.21,0,0.5,4,4,25,5.56,v2_lr,0
149739,2026-09-21,丸亀,5,4498,6,44.4,0.2667,0.4,15,B2,0.18,4,46,6,3.8,0.2,0.17,10,6.82,0.2222,0.15,0,0.5,4,4,25,7.6,v2_lr,0
149739,2026-09-21,丸亀,6,5044,4.33,25,0.1379,0.2759,29,B1,0.15,0,59,3,3.9,0,0.107,10,6.84,0,0.18,0,0.5,4,4,25,1.68,v2_lr,0
149740,2026-09-21,丸亀,1,5115,5.03,32.8,0.4375,0.625,16,B1,0.15,36,62,46,2.1,0.5,0.11,10,6.75,0.5,0.02,0,0.5,4,4,25,31.72,v2_lr,1
149740,2026-09-21,丸亀,2,4278,6.74,51,0.4118,0.5294,17,A1,0.13,27,92,52,2.2,0.6,0.127,10,6.71,0.9,0.26,0,0.5,4,4,25,29.62,v2_lr,0
149740,2026-09-21,丸亀,3,4154,4.61,26.5,0.1489,0.3723,94,B1,0.18,8,77,29,3,0.2,0.143,10,6.8,0,0.19,0,0.5,4,4,25,9.79,v2_lr,0
149740,2026-09-21,丸亀,4,4832,7.05,48.9,0.3462,0.5385,26,A1,0.14,22,71,40,2.3,0.2,0.143,10,6.7,1,0.23,0,0.5,4,4,25,21.29,v2_lr,0
149740,2026-09-21,丸亀,5,4809,6.28,46.7,0.2273,0.4091,22,A1,0.17,6,57,14,3.1,0.1,0.129,10,6.8,0,0.16,0,0.5,4,4,25,5.66,v2_lr,0
149740,2026-09-21,丸亀,6,4633,5.74,36.3,0.1429,0.2857,7,A2,0.15,0,59,4,3.3,0.1,0.151,10,6.77,0.3,0.19,0,0.5,4,4,25,1.91,v2_lr,0
149741,2026-09-21,児島,1,4069,6.2,44.1,0.122,0.3537,82,A2,0.15,58,95,75,2.7,0.2,0.189,10,6.89,0.8125,-0.05,36.36,0.5152,6,5,25,39.89,v2_lr,1
149741,2026-09-21,児島,2,3831,4.8,34.3,0.087,0.3043,23,B1,0.14,8,58,21,3.3,0.2,0.153,10,6.97,0.3125,-0.01,36.32,0.5129,6,5,25,22.14,v2_lr,0
149741,2026-09-21,児島,3,4145,3.91,13.6,0,0,6,B1,0.23,4,71,10,4.3,0,0.232,10,6.87,0.9375,-0.01,35.55,0.4679,6,5,25,12.12,v2_lr,0
149741,2026-09-21,児島,4,4563,4.06,22.2,0.1364,0.2727,44,B1,0.16,2,68,5,3.9,0,0.164,10,7.02,0,-0.02,27.54,0,6,5,25,9.3,v2_lr,0
149741,2026-09-21,児島,5,4439,4.33,24.2,0.0667,0.2667,15,B1,0.18,0,61,2,3.9,0.2,0.17,10,6.95,0.4375,-0.06,33.65,0.3569,6,5,25,4.38,v2_lr,0
149741,2026-09-21,児島,6,5458,0,0,0.3333,0.3333,6,B2,,1,37,1,4.7,0.2,0.143,10,6.86,1,0.12,44.66,1,6,5,25,12.17,v2_lr,0
149742,2026-09-21,児島,1,3982,3.6,17,0.125,0.2159,88,B1,0.16,16,48,29,3.9,0.1,0.122,10,6.91,0.5,0.05,48.08,1,6,5,27,43,v2_lr,1
149742,2026-09-21,児島,2,4904,4.94,30.3,0.1304,0.3043,23,B1,0.18,9,78,35,2.9,0.1,0.175,10,6.87,0.75,0.02,35.24,0.2548,6,5,27,32.44,v2_lr,0
149742,2026-09-21,児島,3,5107,4.79,32.2,0.0833,0.2083,24,B1,0.18,4,58,15,4.2,0,0.204,10,6.97,0.125,0.15,33.65,0.1625,6,5,27,12.23,v2_lr,0
149742,2026-09-21,児島,4,5336,3.04,9.5,0,0.0556,18,B1,0.17,1,70,2,4.6,0,0.19,10,6.83,1,0.19,31.75,0.0522,6,5,27,5.89,v2_lr,0
149742,2026-09-21,児島,5,4129,4.02,17.9,0.129,0.2258,31,B1,0.17,3,67,7,4.6,0.1,0.208,10,6.99,0,0.11,36.23,0.3122,6,5,27,5.39,v2_lr,0
149742,2026-09-21,児島,6,3458,4.36,19.4,0,0.25,4,B1,0.12,0,44,1,4.6,0,0.172,10,6.99,0,0.12,30.85,0,6,5,27,1.04,v2_lr,0
149743,2026-09-21,児島,1,3319,5.55,36.4,0.3333,0.5,6,A2,0.17,32,68,43,2.8,0.3,0.141,10,7.09,0,0.05,35.51,0.7007,4,5,27,32.36,v2_lr,0
149743,2026-09-21,児島,2,3730,5.21,35.3,0.2143,0.2857,14,B1,0.19,5,82,19,3.5,0.1,0.16,10,6.98,0.5238,-0.02,28.02,0.2013,4,5,27,25.17,v2_lr,0
149743,2026-09-21,児島,3,4122,5.58,33.8,0,0.3333,6,A2,0.17,12,82,35,3.4,0.1,0.148,10,6.9,0.9048,0.08,33.17,0.5447,4,5,27,25.97,v2_lr,1
149743,2026-09-21,児島,4,4105,4.91,24.2,0.0938,0.25,32,B1,0.18,5,82,19,3.8,0.2,0.184,10,7.05,0.1905,-0.01,40,1,4,5,27,7.01,v2_lr,0
149743,2026-09-21,児島,5,3773,3.85,15.1,0.1607,0.3036,56,B1,0.16,2,65,4,4.5,0,0.2,10,6.88,1,0.01,27.86,0.1907,4,5,27,7.54,v2_lr,0
149743,2026-09-21,児島,6,4077,5.56,33.6,0.0833,0.0833,24,A2,0.17,0,69,2,3.9,0.2,0.179,10,6.94,0.7143,0.1,25,0,4,5,27,1.95,v2_lr,0
149744,2026-09-21,児島,1,4469,5.96,42.6,0,0.4286,7,A2,0.16,43,69,55,3.5,0,0.205,10,6.92,0.5,0.04,27.59,0,4,5,27,17.35,v2_lr,0
149744,2026-09-21,児島,2,3870,4.45,28,0.1333,0.3333,15,B1,0.21,5,71,12,4.6,0.1,0.15,10,6.91,0.6667,0.01,41.55,1,4,5,27,23.49,v2_lr,0
149744,2026-09-21,児島,3,3933,5.13,32.7,0.186,0.3953,86,B1,0.17,8,92,23,2.5,0.4,0.165,10,6.89,1,-0.06,35.27,0.5501,4,5,27,25.7,v2_lr,1
149744,2026-09-21,児島,4,3997,6.5,44.3,0.2333,0.5,30,A1,0.17,10,83,33,2.8,0.1,0.145,10,6.91,0.6667,0.01,28.5,0.0652,4,5,27,16.75,v2_lr,0
149744,2026-09-21,児島,5,4179,5.77,36.2,0.2778,0.5556,18,A2,0.16,5,73,15,2.7,0.3,0.127,10,6.92,0.5,-0.05,31.9,0.3087,4,5,27,12.74,v2_lr,0
149744,2026-09-21,児島,6,5467,0,0,0.3333,0.6667,6,B2,,2,29,3,3.2,0.2,0.197,10,6.95,0,0.07,31.31,0.2665,4,5,27,3.96,v2_lr,0
149745,2026-09-21,児島,1,5002,5.78,38.7,0.3333,0.3333,18,A2,0.15,57,95,78,3.1,0.3,0.17,10,6.83,1,0.18,38.57,0.9214,7,5,27,34.85,v2_lr,0
149745,2026-09-21,児島,2,4007,4.43,23,0.2,0.2667,15,B1,0.15,9,66,18,4,0.3,0.105,10,6.89,0.7778,0.08,34.85,0.4716,7,5,27,28.45,v2_lr,0
149745,2026-09-21,児島,3,4319,5.69,39.8,0.1429,0.1429,14,A2,0.19,5,82,27,3.6,0.2,0.181,10,7.1,0,0.01,39.22,1,7,5,27,17.15,v2_lr,1
149745,2026-09-21,児島,4,5419,2.14,1.4,0,0,6,B1,,0,25,0,4.9,0,0.19,10,6.86,0.8889,0.29,30.95,0,7,5,27,3.19,v2_lr,0
149745,2026-09-21,児島,5,4019,6.71,45.5,0.2941,0.4118,17,A1,0.16,8,71,26,2.6,0.2,0.171,10,6.95,0.5556,-0.01,37.02,0.734,7,5,27,13.6,v2_lr,0
149745,2026-09-21,児島,6,3872,6.07,42.6,0.1481,0.3333,27,A2,0.2,5,79,14,3.5,0.2,0.194,10,7.05,0.1852,0.12,38.35,0.8948,7,5,27,2.77,v2_lr,0
149746,2026-09-21,児島,1,4723,4.67,31.9,0.1154,0.2692,26,B1,0.19,15,55,31,4,0.1,0.187,10,6.95,0.8,0.11,34.02,0.4193,7,5,27,30.44,v2_lr,0
149746,2026-09-21,児島,2,3911,5.29,34.3,0,0,5,B1,0.19,11,82,34,4.1,0.2,0.176,10,6.97,0.4,0.11,23.88,0.0081,7,5,27,11.1,v2_lr,0
149746,2026-09-21,児島,3,4903,7.07,56.4,0.3889,0.4444,18,A1,0.18,20,82,44,2.4,0.4,0.16,10,6.97,0.4,0.01,26.09,0.0977,7,5,27,34.87,v2_lr,0
149746,2026-09-21,児島,4,4342,6.21,44.6,0.125,0.6875,16,A2,0.17,16,79,43,2.9,0,0.126,10,6.99,0,-0.04,23.68,0,7,5,27,9.9,v2_lr,1
149746,2026-09-21,児島,5,5271,3.65,16.4,0.1667,0.1667,6,B1,0.18,2,57,5,4.1,0.2,0.149,10,6.99,0,0.11,48.34,1,7,5,27,5.23,v2_lr,0
149746,2026-09-21,児島,6,4506,6.93,58.3,0.25,0.5556,36,A1,0.13,2,70,12,2.5,0.4,0.14,10,6.94,1,0.12,35.65,0.4854,7,5,27,8.46,v2_lr,0
149747,2026-09-21,児島,1,3977,4.45,20.5,0,0.1667,6,B1,0.19,17,59,27,3.4,0,0.133,10,6.9,0.8182,0.03,40.28,1,8,7,27,33.65,v2_lr,1
149747,2026-09-21,児島,2,3773,3.85,15.1,0.1607,0.3036,56,B1,0.16,4,67,17,4.5,0,0.2,10,6.88,1,0.05,27.86,0,8,7,27,27.66,v2_lr,0
149747,2026-09-21,児島,3,5336,3.04,9.5,0,0.0556,18,B1,0.17,1,42,4,4.6,0,0.19,10,6.88,1,0.11,31.75,0.3132,8,7,27,8.51,v2_lr,0
149747,2026-09-21,児島,4,4213,4.33,27,0.1,0.25,40,B1,0.15,4,63,9,3.7,0.2,0.169,10,6.99,0,0.25,30.14,0.1836,8,7,27,4.95,v2_lr,0
149747,2026-09-21,児島,5,3826,6.24,41.3,0.1538,0.3846,26,A2,0.13,6,62,21,3.4,0.1,0.166,10,6.97,0.1818,0.05,28.23,0.0298,8,7,27,5.28,v2_lr,0
149747,2026-09-21,児島,6,3743,6.36,51.4,0.4286,0.7143,7,A1,0.13,12,67,20,2.4,0.4,0.171,10,6.94,0.4545,0.14,32.55,0.3776,8,7,27,19.95,v2_lr,0
149748,2026-09-21,児島,1,4028,6.53,47.2,0.3214,0.5,28,A1,0.14,68,91,77,3.4,0.3,0.174,10,7,0.6364,0.01,22.84,0,7,7,26,42.95,v2_lr,0
149748,2026-09-21,児島,2,4439,4.33,24.2,0.0667,0.2667,15,B1,0.18,0,66,13,3.9,0.2,0.17,10,6.98,0.8182,-0.01,33.65,0.8718,7,7,26,22.07,v2_lr,0
149748,2026-09-21,児島,3,4785,4.84,27.4,0.0465,0.1395,43,B1,0.2,8,65,20,3.8,0.1,0.2,10,7.01,0.5455,0.06,28.64,0.4677,7,7,26,11.04,v2_lr,0
149748,2026-09-21,児島,4,5284,3.05,5.4,0.125,0.2083,24,B2,0.15,4,68,10,3.8,0.2,0.147,10,6.96,1,0.22,32.83,0.8056,7,7,26,12.03,v2_lr,0
149748,2026-09-21,児島,5,4904,4.94,30.3,0.1304,0.3043,23,B1,0.18,3,79,13,2.9,0.1,0.175,10,7.03,0.3636,0.12,35.24,1,7,7,26,5.74,v2_lr,0
149748,2026-09-21,児島,6,4122,5.58,33.8,0,0.3333,6,A2,0.17,1,82,10,3.4,0.1,0.148,10,7.07,0,0.2,33.17,0.8331,7,7,26,6.16,v2_lr,1
149749,2026-09-21,児島,1,4319,5.69,39.8,0.1429,0.1429,14,A2,0.19,54,89,73,3.6,0.2,0.181,10,6.97,0.6667,0.06,39.22,0.6161,7,7,26,43.18,v2_lr,0
149749,2026-09-21,児島,2,3642,3.68,15.3,0.0417,0.2083,24,B1,0.2,3,70,16,4.1,0.1,0.191,10,6.96,1,0.13,37.86,0.5572,7,7,26,26.22,v2_lr,1
149749,2026-09-21,児島,3,4077,5.56,33.6,0.0833,0.0833,24,A2,0.17,9,79,25,3.9,0.2,0.179,10,6.99,0,0.15,25,0,7,7,26,10.65,v2_lr,0
149749,2026-09-21,児島,4,3982,3.6,17,0.125,0.2159,88,B1,0.16,7,57,18,3.9,0.1,0.122,10,6.98,0.3333,0.16,48.08,1,7,7,26,11.65,v2_lr,0
149749,2026-09-21,児島,5,3870,4.45,28,0.1333,0.3333,15,B1,0.21,2,62,10,4.6,0.1,0.15,10,6.99,0,0.16,41.55,0.7171,7,7,26,4.71,v2_lr,0
149749,2026-09-21,児島,6,4411,5.77,40,0.1739,0.4348,46,A2,0.17,2,79,8,4.2,0,0.192,10,6.99,0,0.17,32.52,0.3258,7,7,26,3.58,v2_lr,0
149750,2026-09-21,児島,1,3933,5.13,32.7,0.186,0.3953,86,B1,0.17,20,64,37,2.5,0.4,0.165,10,6.95,1,0.04,35.27,0.7784,7,7,26,30.87,v2_lr,1
149750,2026-09-21,児島,2,4179,5.77,36.2,0.2778,0.5556,18,A2,0.16,12,75,26,2.7,0.3,0.127,10,7.01,0.5385,0.21,31.9,0.552,7,7,26,26.57,v2_lr,0
149750,2026-09-21,児島,3,4342,6.21,44.6,0.125,0.6875,16,A2,0.17,18,71,39,2.9,0,0.126,10,7.08,0,0.06,23.68,0,7,7,26,12.2,v2_lr,0
149750,2026-09-21,児島,4,5002,5.78,38.7,0.3333,0.3333,18,A2,0.15,9,75,22,3.1,0.3,0.17,10,7.01,0.5385,0.07,38.57,1,7,7,26,20.87,v2_lr,0
149750,2026-09-21,児島,5,3730,5.21,35.3,0.2143,0.2857,14,B1,0.19,1,80,10,3.5,0.1,0.16,10,7,0.6154,0.05,28.02,0.2915,7,7,26,7.23,v2_lr,0
149750,2026-09-21,児島,6,4723,4.67,31.9,0.1154,0.2692,26,B1,0.19,4,67,9,4,0.1,0.187,10,6.98,0.7692,0.25,34.02,0.6944,7,7,26,2.26,v2_lr,0
149751,2026-09-21,児島,1,4506,6.93,58.3,0.25,0.5556,36,A1,0.13,58,91,73,2.5,0.4,0.14,10,7.01,0.4167,0.11,35.65,0.6737,7,7,26,31.67,v2_lr,0
149751,2026-09-21,児島,2,5467,0,0,0.3333,0.6667,6,B2,,0,0,0,3.2,0.2,0.197,10,7.03,0.3333,0.22,31.31,0.3679,7,7,26,23.61,v2_lr,0
149751,2026-09-21,児島,3,4105,4.91,24.2,0.0938,0.25,32,B1,0.18,10,84,26,3.8,0.2,0.184,10,7.04,0.2917,0.05,40,0.9803,7,7,26,11.56,v2_lr,0
149751,2026-09-21,児島,4,4903,7.07,56.4,0.3889,0.4444,18,A1,0.18,17,79,30,2.4,0.4,0.16,10,7.11,0,0.01,26.09,0,7,7,26,21,v2_lr,0
149751,2026-09-21,児島,5,4007,4.43,23,0.2,0.2667,15,B1,0.15,1,61,9,4,0.3,0.105,10,7.07,0.1667,0.06,34.85,0.6173,7,7,26,8.85,v2_lr,1
149751,2026-09-21,児島,6,3977,4.45,20.5,0,0.1667,6,B1,0.19,2,55,7,3.4,0,0.133,10,6.87,1,0.32,40.28,1,7,7,26,3.31,v2_lr,0
149752,2026-09-21,児島,1,3743,6.36,51.4,0.4286,0.7143,7,A1,0.13,65,110,86,2.4,0.4,0.171,10,6.95,0.7857,0.04,32.55,0.6848,6,7,25,31.23,v2_lr,1
149752,2026-09-21,児島,2,4019,6.71,45.5,0.2941,0.4118,17,A1,0.16,14,75,46,2.6,0.2,0.171,10,7.02,0.5357,0.02,37.02,1,6,7,25,25.95,v2_lr,0
149752,2026-09-21,児島,3,3997,6.5,44.3,0.2333,0.5,30,A1,0.17,16,88,34,2.8,0.1,0.145,10,6.89,1,0.07,28.5,0.3992,6,7,25,19.84,v2_lr,0
149752,2026-09-21,児島,4,4069,6.2,44.1,0.122,0.3537,82,A2,0.15,5,75,27,2.7,0.2,0.189,10,7.04,0.4643,0.08,36.36,0.9535,6,7,25,8.01,v2_lr,0
149752,2026-09-21,児島,5,3319,5.55,36.4,0.3333,0.5,6,A2,0.17,1,64,12,2.8,0.3,0.141,10,7,0.6071,0.19,35.51,0.8935,6,7,25,9.63,v2_lr,0
149752,2026-09-21,児島,6,4028,6.53,47.2,0.3214,0.5,28,A1,0.14,4,68,14,3.4,0.3,0.174,10,7.17,0,0.12,22.84,0,6,7,25,5.34,v2_lr,0
149753,2026-09-21,宮島,1,3845,5.5,31.2,0.2,0.2,5,A2,0.19,45,69,55,3.4,0.2,0.2,10,6.93,0,0.04,32.49,0.3158,4,4,26,48.17,v2_lr,1
149753,2026-09-21,宮島,2,4283,4.03,10.2,0,0,13,B1,0.16,3,55,9,3.6,0,0.128,10,6.86,0.5385,0.24,36.33,0.6518,4,4,26,15.78,v2_lr,0
149753,2026-09-21,宮島,3,4844,4.82,29.8,0.1111,0.3175,63,B1,0.15,4,85,23,4.5,0,0.162,10,6.86,0.5385,0.09,28.88,0,4,4,26,18.18,v2_lr,0
149753,2026-09-21,宮島,4,3551,3.47,14.4,0.04,0.08,25,B1,0.19,1,63,5,4.1,0,0.144,10,6.8,1,0,40.31,1,4,4,26,10.19,v2_lr,0
149753,2026-09-21,宮島,5,5380,1.21,0,0,0,29,B2,,0,80,0,5.6,0,0.242,10,6.8,1,0.03,37.39,0.7445,4,4,26,3.58,v2_lr,0
149753,2026-09-21,宮島,6,4940,1.56,0,0.25,0.25,4,B2,0.33,0,28,2,3.8,0.1,0.136,10,6.91,0.1538,-0.03,32.76,0.3395,4,4,26,4.1,v2_lr,0
149754,2026-09-21,宮島,1,3993,5.19,30.7,0.1739,0.3043,23,B1,0.18,23,50,27,3.3,0.2,0.162,10,6.85,0.5,-0.02,40,1,4,4,27,34.2,v2_lr,1
149754,2026-09-21,宮島,2,5069,4.44,25.3,0.25,0.5,4,B1,0.13,4,54,16,2.9,0.3,0.14,10,6.8,1,-0.07,29.41,0,4,4,27,27.4,v2_lr,0
149754,2026-09-21,宮島,3,4878,4.35,19.7,0,0,4,B1,0.17,4,48,11,3.3,0.2,0.137,10,6.9,0,-0.08,38.4,0.8489,4,4,27,6.64,v2_lr,0
149754,2026-09-21,宮島,4,4011,5.7,38,0.3636,0.6364,22,A2,0.17,9,64,21,2.6,0.2,0.177,10,6.87,0.3,0.1,34.38,0.4693,4,4,27,23.22,v2_lr,0
149754,2026-09-21,宮島,5,5399,1.7,0,0,0,4,B2,,0,41,0,5.9,0,0.202,10,6.9,0,0.13,31.7,0.2162,4,4,27,1.27,v2_lr,0
149754,2026-09-21,宮島,6,4536,6.11,41,0.4,0.8,5,A2,0.13,2,68,7,2.4,0.3,0.11,10,6.88,0.2,0.07,31.93,0.238,4,4,27,7.28,v2_lr,0
149755,2026-09-21,宮島,1,5361,2.55,4.1,0.0833,0.1667,12,B1,0.23,0,8,0,3.8,0.1,0.164,10,6.92,0.3333,0.13,38.52,1,3,3,27,24.2,v2_lr,0
149755,2026-09-21,宮島,2,4372,5.75,36.9,0.4667,0.6667,15,A2,0.2,14,57,28,2.3,0.4,0.163,10,6.92,0.3333,0.08,35.74,0.4644,3,3,27,40.48,v2_lr,1
149755,2026-09-21,宮島,3,4680,5.66,36.2,0.2,0.4667,15,A2,0.22,4,70,24,3,0.1,0.179,10,6.91,0.5,0.05,38.28,0.9538,3,3,27,20.88,v2_lr,0
149755,2026-09-21,宮島,4,5326,4.55,25.2,0.15,0.25,20,B1,0.17,2,96,8,4.1,0.2,0.176,10,6.88,1,0.19,33.33,0,3,3,27,10.71,v2_lr,0
149755,2026-09-21,宮島,5,5464,0,0,0,0,4,B2,,0,12,0,5.7,0,0.26,10,6.92,0.3333,0.18,36.14,0.5414,3,3,27,1.38,v2_lr,0
149755,2026-09-21,宮島,6,4784,4.3,26.8,0.1538,0.3077,39,B1,0.21,0,36,1,3.4,0.1,0.175,10,6.94,0,0.13,35.32,0.3834,3,3,27,2.35,v2_lr,0
149756,2026-09-21,宮島,1,5320,2.8,8.1,0.0714,0.0714,14,B1,0.2,4,31,6,4.5,0.1,0.124,10,6.95,0.2667,0.16,36.29,0.5733,4,4,26,20.38,v2_lr,0
149756,2026-09-21,宮島,2,3618,6.36,50,0.2778,0.5741,54,A1,0.17,14,76,39,2.8,0.3,0.19,10,6.95,0.2667,0.23,42.46,1,4,4,26,32.23,v2_lr,1
149756,2026-09-21,宮島,3,4678,5.38,32.5,0,0.25,4,B1,0.16,6,55,18,3.8,0,0.188,10,6.88,0.7333,0.17,33.2,0.3596,4,4,26,18.07,v2_lr,0
149756,2026-09-21,宮島,4,4450,6.02,42.8,0.4,0.6,20,A2,0.15,10,73,30,2,0.4,0.169,10,6.91,0.5333,0.11,36.03,0.5553,4,4,26,26.72,v2_lr,0
149756,2026-09-21,宮島,5,4400,4.04,17.6,0,0.0769,13,B1,0.2,0,49,2,4.1,0,0.194,10,6.99,0,0.13,28,0,4,4,26,1.33,v2_lr,0
149756,2026-09-21,宮島,6,5360,3.21,8.8,0,0,13,B1,0.2,0,105,3,5.8,0,0.261,10,6.84,1,0.09,28.72,0.0498,4,4,26,1.27,v2_lr,0
149757,2026-09-21,宮島,1,5189,5.63,34.3,0.3125,0.3125,16,A2,0.21,24,60,35,3.2,0.2,0.185,10,6.82,1,0.34,32.64,0.0695,4,4,26,48.73,v2_lr,1
149757,2026-09-21,宮島,2,4997,3.72,14.8,0.0909,0.0909,11,B2,0.15,2,33,6,4.1,0,0.204,10,6.96,0,0.04,31.56,0,4,4,26,17.35,v2_lr,0
149757,2026-09-21,宮島,3,4244,2.86,6.8,0.1111,0.3333,9,B2,0.19,4,52,15,4.1,0,0.137,10,6.91,0.3571,0.07,33.77,0.1422,4,4,26,13.19,v2_lr,0
149757,2026-09-21,宮島,4,4289,5.73,35.5,0.1333,0.2667,15,A2,0.14,9,73,23,3.5,0.1,0.127,10,6.9,0.4286,0.01,38.2,0.4273,4,4,26,11.4,v2_lr,0
149757,2026-09-21,宮島,5,5117,4.03,19.1,0.0476,0.1429,21,B1,0.18,1,39,4,3.6,0.1,0.212,10,6.88,0.5714,0.02,38.59,0.4524,4,4,26,3.99,v2_lr,0
149757,2026-09-21,宮島,6,4689,4.92,29.7,0.1818,0.3636,11,B1,0.16,3,53,5,2.8,0.3,0.166,10,6.9,0.4286,0.07,47.1,1,4,4,26,5.33,v2_lr,0
149758,2026-09-21,宮島,1,4482,6.52,45.6,0.1333,0.2,15,A1,0.18,93,122,107,3.8,0.1,0.144,10,6.83,0.6,-0.05,41.77,1,4,4,26,49.56,v2_lr,1
149758,2026-09-21,宮島,2,5334,3.14,12.5,0,0.0476,21,B1,0.18,2,49,7,4.3,0,0.212,10,6.88,0.1,-0.04,32.34,0.0728,4,4,26,13.67,v2_lr,0
149758,2026-09-21,宮島,3,3528,3.82,12.3,0,0.04,25,B1,0.24,6,64,9,4.2,0,0.209,10,6.85,0.4,0.03,31.6,0,4,4,26,9.17,v2_lr,0
149758,2026-09-21,宮島,4,4940,1.56,0,0.25,0.25,4,B2,0.33,1,32,1,3.8,0.1,0.136,10,6.89,0,0.06,32.76,0.1141,4,4,26,11.53,v2_lr,0
149758,2026-09-21,宮島,5,3334,5.47,40,0.1852,0.5,54,A2,0.22,2,68,11,2.3,0.4,0.165,10,6.84,0.5,-0.06,36.65,0.4966,4,4,26,11.96,v2_lr,0
149758,2026-09-21,宮島,6,4791,5.14,33.3,0.0769,0.3846,13,B1,0.19,2,62,8,2.4,0.3,0.151,10,6.79,1,-0.13,36.02,0.4346,4,4,26,4.11,v2_lr,0
149759,2026-09-21,宮島,1,5165,4.38,23.5,0.1667,0.3333,24,B1,0.16,18,54,28,3.5,0.1,0.133,10,6.85,1,-0.06,40.76,0.5769,3,3,26,40.22,v2_lr,1
149759,2026-09-21,宮島,2,3551,3.47,14.4,0.04,0.08,25,B1,0.19,6,59,20,4.1,0,0.144,10,6.86,0.8333,-0.02,40.31,0.5443,3,3,26,19.12,v2_lr,0
149759,2026-09-21,宮島,3,4387,6.31,44,0.2286,0.3714,35,A1,0.14,18,76,38,2.4,0.2,0.138,10,6.89,0.3333,0.26,32.81,0,3,3,26,23.59,v2_lr,0
149759,2026-09-21,宮島,4,3355,2.91,4.6,0.0435,0.0435,23,B2,0.25,1,20,2,3.7,0.1,0.312,10,6.91,0,0.36,46.59,1,3,3,26,4.03,v2_lr,0
149759,2026-09-21,宮島,5,5442,1.15,0,0,0,27,B2,,0,35,0,5.5,0,0.198,10,6.9,0.1667,0.29,40.71,0.5733,3,3,26,1.43,v2_lr,0
149759,2026-09-21,宮島,6,4011,5.7,38,0.3636,0.6364,22,A2,0.17,7,67,16,2.6,0.2,0.177,10,6.88,0.5,0.18,34.38,0.1139,3,3,26,11.61,v2_lr,0
149760,2026-09-21,宮島,1,5287,3.49,14.2,0.0667,0.1333,15,B1,0.12,3,33,6,4.3,0,0.15,10,6.91,0.5,0.18,33.19,0.4164,4,4,27,30.8,v2_lr,0
149760,2026-09-21,宮島,2,4844,4.82,29.8,0.1111,0.3175,63,B1,0.15,7,87,27,4.5,0,0.162,10,6.88,1,0.12,28.88,0,4,4,27,31.97,v2_lr,1
149760,2026-09-21,宮島,3,4784,4.3,26.8,0.1538,0.3077,39,B1,0.21,3,54,13,3.4,0.1,0.175,10,6.89,0.8333,0.09,35.32,0.6222,4,4,27,25.56,v2_lr,0
149760,2026-09-21,宮島,4,3509,3.84,16,0.08,0.2,25,B1,0.14,1,48,5,4.7,0,0.143,10,6.91,0.5,0.15,29.31,0.0415,4,4,27,8.08,v2_lr,0
149760,2026-09-21,宮島,5,5387,1.59,1.3,0,0,15,B2,,0,82,1,5.2,0,0.206,10,6.91,0.5,0.32,39.23,1,4,4,27,2.42,v2_lr,0
149760,2026-09-21,宮島,6,4878,4.35,19.7,0,0,4,B1,0.17,0,43,1,3.3,0.2,0.137,10,6.94,0,0.23,38.4,0.9198,4,4,27,1.18,v2_lr,0
149761,2026-09-21,宮島,1,4400,4.04,17.6,0,0.0769,13,B1,0.2,8,44,20,4.1,0,0.194,10,7.11,0,-0.09,28,0,7,7,27,16.82,v2_lr,0
149761,2026-09-21,宮島,2,4680,5.66,36.2,0.2,0.4667,15,A2,0.22,9,79,27,3,0.1,0.179,10,6.95,0.7619,-0.1,38.28,1,7,7,27,32.7,v2_lr,0
149761,2026-09-21,宮島,3,4804,6.61,49.2,0.3333,0.5185,27,A1,0.23,19,74,37,3.3,0.2,0.174,10,6.9,1,-0.1,28.37,0.036,7,7,27,38.34,v2_lr,1
149761,2026-09-21,宮島,4,5399,1.7,0,0,0,4,B2,,0,20,0,5.9,0,0.202,10,6.9,1,-0.02,31.7,0.3599,7,7,27,5.31,v2_lr,0
149761,2026-09-21,宮島,5,4997,3.72,14.8,0.0909,0.0909,11,B2,0.15,1,31,2,4.1,0,0.204,10,6.96,0.7143,-0.01,31.56,0.3463,7,7,27,4.75,v2_lr,0
149761,2026-09-21,宮島,6,4283,4.03,10.2,0,0,13,B1,0.16,0,36,1,3.6,0,0.128,10,6.94,0.8095,-0.19,36.33,0.8103,7,7,27,2.09,v2_lr,0
149762,2026-09-21,宮島,1,4678,5.38,32.5,0,0.25,4,B1,0.16,35,58,42,3.8,0,0.188,10,7.03,0.52,0.28,33.2,0,7,8,27,41.82,v2_lr,1
149762,2026-09-21,宮島,2,4289,5.73,35.5,0.1333,0.2667,15,A2,0.14,18,77,34,3.5,0.1,0.127,10,7.16,0,0.24,38.2,0.7353,7,8,27,25.29,v2_lr,0
149762,2026-09-21,宮島,3,4275,3.38,10.1,0.037,0.1111,27,B1,0.19,0,53,7,3.8,0.1,0.121,10,7.06,0.4,0.2,34.21,0.1485,7,8,27,10.43,v2_lr,0
149762,2026-09-21,宮島,4,5380,1.21,0,0,0,29,B2,,0,46,0,5.6,0,0.242,10,6.91,1,-0.02,37.39,0.6162,7,8,27,7.13,v2_lr,0
149762,2026-09-21,宮島,5,3993,5.19,30.7,0.1739,0.3043,23,B1,0.18,4,57,5,3.3,0.2,0.162,10,7.04,0.48,0.06,40,1,7,8,27,14.19,v2_lr,0
149762,2026-09-21,宮島,6,5464,0,0,0,0,4,B2,,0,30,0,5.7,0,0.26,10,6.97,0.76,0.33,36.14,0.4324,7,8,27,1.14,v2_lr,0
149763,2026-09-21,宮島,1,3618,6.36,50,0.2778,0.5741,54,A1,0.17,63,105,82,2.8,0.3,0.19,10,7.23,0,0,42.46,1,7,8,26,32.29,v2_lr,1
149763,2026-09-21,宮島,2,5326,4.55,25.2,0.15,0.25,20,B1,0.17,7,42,18,4.1,0.2,0.176,10,6.95,1,0.05,33.33,0.133,7,8,26,21.96,v2_lr,0
149763,2026-09-21,宮島,3,4482,6.52,45.6,0.1333,0.2,15,A1,0.18,16,78,34,3.8,0.1,0.144,10,7.19,0.1429,0.11,41.77,0.9345,7,8,26,16.13,v2_lr,0
149763,2026-09-21,宮島,4,4536,6.11,41,0.4,0.8,5,A2,0.13,7,74,18,2.4,0.3,0.11,10,7.11,0.4286,0.06,31.93,0,7,8,26,17.41,v2_lr,0
149763,2026-09-21,宮島,5,3845,5.5,31.2,0.2,0.2,5,A2,0.19,0,46,10,3.4,0.2,0.2,10,7.19,0.1429,0.15,32.49,0.0532,7,8,26,10.28,v2_lr,0
149763,2026-09-21,宮島,6,4244,2.86,6.8,0.1111,0.3333,9,B2,0.19,0,41,1,4.1,0,0.137,10,7.05,0.6429,0.09,33.77,0.1747,7,8,26,1.92,v2_lr,0
149764,2026-09-21,宮島,1,4387,6.31,44,0.2286,0.3714,35,A1,0.14,74,113,95,2.4,0.2,0.138,10,6.88,0.875,0,32.81,0.5136,6,6,26,24.1,v2_lr,1
149764,2026-09-21,宮島,2,4791,5.14,33.3,0.0769,0.3846,13,B1,0.19,14,74,40,2.4,0.3,0.151,10,6.87,1,-0.06,36.02,0.9985,6,6,26,14.66,v2_lr,0
149764,2026-09-21,宮島,3,4450,6.02,42.8,0.4,0.6,20,A2,0.15,10,72,32,2,0.4,0.169,10,6.95,0,0.04,36.03,1,6,6,26,20.91,v2_lr,0
149764,2026-09-21,宮島,4,5189,5.63,34.3,0.3125,0.3125,16,A2,0.21,3,63,12,3.2,0.2,0.185,10,6.88,0.875,0.2,32.64,0.4879,6,6,26,17.57,v2_lr,0
149764,2026-09-21,宮島,5,4372,5.75,36.9,0.4667,0.6667,15,A2,0.2,1,51,12,2.3,0.4,0.163,10,6.87,1,0.24,35.74,0.9562,6,6,26,20.69,v2_lr,0
149764,2026-09-21,宮島,6,5069,4.44,25.3,0.25,0.5,4,B1,0.13,0,48,4,2.9,0.3,0.14,10,6.92,0.375,0.15,29.41,0,6,6,26,2.06,v2_lr,0
149765,2026-09-21,徳山,1,4679,5.53,38,0.15,0.4,20,A2,0.14,58,90,70,3.5,0.1,0.129,10,6.81,1,0.13,35.71,0.868,3,3,29,45.2,v2_lr,1
149765,2026-09-21,徳山,2,5027,4.9,31,0.1515,0.3636,66,B1,0.2,11,65,30,3.5,0.2,0.161,10,6.85,0.6923,0.17,28.87,0.3273,3,3,29,30.38,v2_lr,0
149765,2026-09-21,徳山,3,4583,5.13,28,0,0,6,B1,0.14,9,88,33,3.4,0,0.185,10,6.93,0.0769,0.17,34.82,0.7976,3,3,29,7.65,v2_lr,0
149765,2026-09-21,徳山,4,3772,5.19,26.2,0.1111,0.3333,9,B1,0.16,6,64,17,3.3,0.1,0.135,10,6.88,0.4615,0.19,37.07,0.9755,3,3,29,10.06,v2_lr,0
149765,2026-09-21,徳山,5,4173,5.06,36.2,0.1143,0.2857,35,B1,0.16,2,74,10,3.9,0.2,0.178,10,6.94,0,0.06,24.73,0,3,3,29,5.04,v2_lr,0
149765,2026-09-21,徳山,6,5290,3.77,17.1,0,0,8,B1,0.15,0,58,0,3.1,0.2,0.146,10,6.86,0.6154,0.12,37.38,1,3,3,29,1.67,v2_lr,0
149766,2026-09-21,徳山,1,4529,6.28,45.1,0.1935,0.2903,31,A1,0.12,51,79,63,2.6,0.3,0.107,10,6.83,0.8571,0.08,50.93,1,4,4,27,37.4,v2_lr,1
149766,2026-09-21,徳山,2,4594,5.41,32.9,0,0.25,4,B1,0.17,13,66,36,3,0.1,0.109,10,6.87,0.2857,0.14,40.63,0.52,4,4,27,10.82,v2_lr,0
149766,2026-09-21,徳山,3,4839,5.53,38,0.3125,0.5,16,A2,0.13,10,62,29,2.8,0.1,0.118,10,6.89,0,0.14,43.68,0.6622,4,4,27,24.96,v2_lr,0
149766,2026-09-21,徳山,4,4811,4.53,24.1,0.1333,0.2667,15,B1,0.16,8,71,19,3.6,0.2,0.125,10,6.82,1,0.13,38.95,0.4418,4,4,27,15.16,v2_lr,0
149766,2026-09-21,徳山,5,4883,6.14,47.8,0.2,0.5,10,A2,0.18,6,54,18,3.1,0.2,0.127,10,6.89,0,0.07,47,0.8169,4,4,27,10.26,v2_lr,0
149766,2026-09-21,徳山,6,5206,4.05,24,0.0741,0.1852,27,B1,0.15,0,56,2,3.1,0.1,0.164,10,6.88,0.1429,0.05,29.47,0,4,4,27,1.4,v2_lr,0
149767,2026-09-21,徳山,1,3684,5.75,43.6,0.1974,0.4342,76,A2,0.16,44,78,63,3,0.3,0.159,10,6.85,1,0.2,31.07,0.602,3,3,27,33.84,v2_lr,0
149767,2026-09-21,徳山,2,4943,4.07,17.8,0,0,9,B1,0.17,7,64,19,3.6,0.1,0.13,10,6.9,0.1667,0.42,38,1,3,3,27,8.95,v2_lr,0
149767,2026-09-21,徳山,3,4816,5.62,38.7,0.4444,0.4444,9,A2,0.12,9,70,32,3.7,0.2,0.171,10,6.9,0.1667,0.27,21.79,0.0689,3,3,27,29.1,v2_lr,0
149767,2026-09-21,徳山,4,4090,5.45,38.5,0.2727,0.3636,11,B2,0.15,8,64,24,3,0.2,0.162,10,6.91,0,0.13,20.59,0,3,3,27,13.41,v2_lr,0
149767,2026-09-21,徳山,5,4757,7.05,49.2,0.125,0.125,8,A1,0.16,11,78,29,2.6,0.4,0.116,10,6.91,0,0.04,30.17,0.5503,3,3,27,13.82,v2_lr,1
149767,2026-09-21,徳山,6,5392,1.43,1.3,0,0.1429,7,B2,,0,118,1,5.3,0,0.143,10,6.86,0.8333,0.31,24.71,0.2366,3,3,27,0.89,v2_lr,0
149768,2026-09-21,徳山,1,4702,6.36,51.6,0.3077,0.4615,13,A1,0.15,65,95,78,2.9,0.4,0.122,10,6.88,1,-0.01,42.27,1,1,1,28,44.57,v2_lr,1
149768,2026-09-21,徳山,2,4159,5.85,40.4,0.1818,0.3636,11,A2,0.18,14,85,42,3,0.1,0.157,10,6.89,0.75,0.13,39.56,0.8719,1,1,28,30.19,v2_lr,0
149768,2026-09-21,徳山,3,3519,4.51,18.6,0.0476,0.2857,21,B1,0.18,4,76,17,3.9,0,0.137,10,6.92,0,0.18,38.1,0.8029,1,1,28,8.35,v2_lr,0
149768,2026-09-21,徳山,4,3804,4.96,29.8,0.16,0.28,25,B1,0.17,3,62,17,3.1,0.4,0.17,10,6.92,0,0.07,30,0.4201,1,1,28,9.63,v2_lr,0
149768,2026-09-21,徳山,5,4323,4.98,32.9,0.1379,0.2069,29,B1,0.18,4,64,12,3.1,0.2,0.128,10,6.92,0,0.08,41.75,0.9754,1,1,28,5.08,v2_lr,0
149768,2026-09-21,徳山,6,5124,4.16,16.2,0.1111,0.2222,9,B1,0.18,1,44,2,4.2,0,0.124,10,6.91,0.25,-0.04,21.11,0,1,1,28,2.18,v2_lr,0
149769,2026-09-21,徳山,1,4624,6.59,51.6,0.7,0.8,10,A1,0.16,51,78,66,3.4,0.1,0.153,10,6.95,0.5,-0.01,30.11,0.5277,3,3,29,43.75,v2_lr,1
149769,2026-09-21,徳山,2,3401,4.47,25,0.0588,0.2941,17,B1,0.2,9,70,26,3.3,0.3,0.181,10,6.99,0,0.27,24.75,0.1741,3,3,29,11.13,v2_lr,0
149769,2026-09-21,徳山,3,4375,5.93,46,0.2,0.5,10,A2,0.16,15,90,39,3.5,0.2,0.133,10,6.91,1,0.25,22.11,0,3,3,29,25.99,v2_lr,0
149769,2026-09-21,徳山,4,5286,4.34,25.5,0.0909,0.3636,11,B1,0.16,4,64,10,4,0.1,0.151,10,6.95,0.5,0.12,24.75,0.1741,3,3,29,6.32,v2_lr,0
149769,2026-09-21,徳山,5,4700,6,41.9,0.2,0.4,10,A2,0.18,9,63,23,2.5,0.2,0.134,10,6.94,0.625,0.36,37.27,1,3,3,29,11.85,v2_lr,0
149769,2026-09-21,徳山,6,5460,0,0,,,0,B2,,1,47,1,5.5,0,0.204,10,6.94,0.625,0.09,32.48,0.684,3,3,29,0.96,v2_lr,0
149770,2026-09-21,徳山,1,3637,4.35,26.3,0.087,0.087,23,B1,0.21,12,54,25,4.6,0,0.163,10,7.02,0.1111,-0.14,30.56,0.138,3,3,31,23.38,v2_lr,0
149770,2026-09-21,徳山,2,4079,5.6,35.7,0.1111,0.4444,9,A2,0.19,21,82,36,3.9,0.2,0.135,10,6.95,0.8889,-0.07,29.11,0.0196,3,3,31,29.03,v2_lr,1
149770,2026-09-21,徳山,3,4732,6.22,40,0.4286,0.8571,7,A2,0.11,13,76,37,2.1,0.4,0.127,10,7.03,0,-0.14,41.12,1,3,3,31,31.93,v2_lr,0
149770,2026-09-21,徳山,4,5027,4.9,31,0.1515,0.3636,66,B1,0.2,2,64,14,3.5,0.2,0.161,10,6.99,0.4444,-0.15,28.87,0,3,3,31,10.77,v2_lr,0
149770,2026-09-21,徳山,5,4163,5.68,40.6,0.0556,0.2222,18,A2,0.15,1,85,15,2.4,0.3,0.121,10,6.94,1,0.03,28.93,0.0049,3,3,31,3.89,v2_lr,0
149770,2026-09-21,徳山,6,4594,5.41,32.9,0,0.25,4,B1,0.17,3,63,8,3,0.1,0.109,10,7.02,0.1111,0.11,40.63,0.96,3,3,31,0.99,v2_lr,0
149771,2026-09-21,徳山,1,3808,3.8,16.6,0.1333,0.4,15,B1,0.16,18,47,30,4.1,0.1,0.157,10,6.97,0,0.17,38.2,1,3,3,31,33.81,v2_lr,0
149771,2026-09-21,徳山,2,4173,5.06,36.2,0.1143,0.2857,35,B1,0.16,9,85,32,3.9,0.2,0.178,10,6.94,0.4286,0.23,24.73,0.2899,3,3,31,26.19,v2_lr,1
149771,2026-09-21,徳山,3,5206,4.05,24,0.0741,0.1852,27,B1,0.15,4,63,12,3.1,0.1,0.164,10,6.91,0.8571,0.02,29.47,0.5398,3,3,31,16.9,v2_lr,0
149771,2026-09-21,徳山,4,3684,5.75,43.6,0.1974,0.4342,76,A2,0.16,7,69,28,3,0.3,0.159,10,6.94,0.4286,-0.01,31.07,0.6241,3,3,31,18.5,v2_lr,0
149771,2026-09-21,徳山,5,4663,5.64,36.3,,,0,B2,0.14,3,29,4,3.2,0.2,0.154,10,6.92,0.7143,0.25,30.97,0.6189,3,3,31,2.97,v2_lr,0
149771,2026-09-21,徳山,6,4136,6.66,46.8,,,0,A1,0.17,2,71,17,3.7,0,0.177,10,6.9,1,0.21,19.23,0,3,3,31,1.63,v2_lr,0
149772,2026-09-21,徳山,1,4811,4.53,24.1,0.1333,0.2667,15,B1,0.16,22,60,32,3.6,0.2,0.125,10,6.86,1,0.28,38.95,0.8676,5,5,30,35.93,v2_lr,1
149772,2026-09-21,徳山,2,4911,5.68,30,0.1429,0.1429,7,A2,0.13,2,61,17,4,0,0.177,10,6.93,0.3636,0.14,38.21,0.7122,5,5,30,23.18,v2_lr,0
149772,2026-09-21,徳山,3,5338,3.74,17.2,0,0,2,B1,0.11,4,22,7,3.1,0.2,0.102,10,6.87,0.9091,0.06,36.61,0.3761,5,5,30,8.95,v2_lr,0
149772,2026-09-21,徳山,4,3473,6.29,48.8,0.3438,0.5938,32,A1,0.15,14,73,36,2.4,0.3,0.118,10,6.93,0.3636,0.12,39.58,1,5,5,30,26.84,v2_lr,0
149772,2026-09-21,徳山,5,4388,5.94,38.6,0.12,0.28,25,A2,0.17,8,74,23,3,0.4,0.151,10,6.95,0.1818,0.04,35.59,0.1618,5,5,30,4.31,v2_lr,0
149772,2026-09-21,徳山,6,4583,5.13,28,0,0,6,B1,0.14,0,72,4,3.4,0,0.185,10,6.97,0,0.15,34.82,0,5,5,30,0.78,v2_lr,0
149773,2026-09-21,徳山,1,4700,6,41.9,0.2,0.4,10,A2,0.18,49,79,61,2.5,0.2,0.134,10,6.84,1,0.27,37.27,0,5,5,28,37.18,v2_lr,1
149773,2026-09-21,徳山,2,4158,5,30.3,0.1746,0.3492,63,B1,0.19,4,81,26,3,0.2,0.144,10,6.87,0.7,0.04,38.39,0.1747,5,5,28,27.95,v2_lr,0
149773,2026-09-21,徳山,4,5290,3.77,17.1,0,0,8,B1,0.15,4,64,11,3.1,0.2,0.146,10,6.88,0.6,0.22,37.38,0.0172,5,5,28,3.89,v2_lr,0
149773,2026-09-21,徳山,6,4839,5.53,38,0.3125,0.5,16,A2,0.13,4,64,13,2.8,0.1,0.118,10,6.94,0,0.12,43.68,1,5,5,28,7.17,v2_lr,0
149774,2026-09-21,徳山,1,3577,4.43,21.6,0,0,9,B1,0.17,21,55,31,3.6,0.2,0.121,10,6.92,0,0.08,24.27,0,5,5,29,15.58,v2_lr,0
149774,2026-09-21,徳山,2,4883,6.14,47.8,0.2,0.5,10,A2,0.18,13,57,27,3.1,0.2,0.127,10,6.91,0.0909,-0.11,47,1,5,5,29,34.32,v2_lr,1
149774,2026-09-21,徳山,3,4323,4.98,32.9,0.1379,0.2069,29,B1,0.18,8,63,22,3.1,0.2,0.128,10,6.87,0.4545,-0.01,41.75,0.769,5,5,29,17.64,v2_lr,0
149774,2026-09-21,徳山,4,4679,5.53,38,0.15,0.4,20,A2,0.14,8,70,23,3.5,0.1,0.129,10,6.81,1,0.01,35.71,0.5033,5,5,29,17.72,v2_lr,0
149774,2026-09-21,徳山,5,4943,4.07,17.8,0,0,9,B1,0.17,3,58,10,3.6,0.1,0.13,10,6.86,0.5455,0.03,38,0.604,5,5,29,2.58,v2_lr,0
149774,2026-09-21,徳山,6,4732,6.22,40,0.4286,0.8571,7,A2,0.11,5,74,14,2.1,0.4,0.127,10,6.9,0.1818,0.07,41.12,0.7413,5,5,29,12.15,v2_lr,0
149775,2026-09-21,徳山,1,3772,5.19,26.2,0.1111,0.3333,9,B1,0.16,34,74,55,3.3,0.1,0.135,10,6.94,0.4286,-0.06,37.07,0.5352,5,5,29,27.93,v2_lr,0
149775,2026-09-21,徳山,2,5124,4.16,16.2,0.1111,0.2222,9,B1,0.18,0,57,9,4.2,0,0.124,10,6.96,0.1429,-0.08,21.11,0,5,5,29,17.55,v2_lr,0
149775,2026-09-21,徳山,3,3637,4.35,26.3,0.087,0.087,23,B1,0.21,4,65,13,4.6,0,0.163,10,6.97,0,0.03,30.56,0.3169,5,5,29,9.37,v2_lr,0
149775,2026-09-21,徳山,4,4375,5.93,46,0.2,0.5,10,A2,0.16,11,75,23,3.5,0.2,0.133,10,6.93,0.5714,0.03,22.11,0.0335,5,5,29,18.18,v2_lr,1
149775,2026-09-21,徳山,5,4529,6.28,45.1,0.1935,0.2903,31,A1,0.12,4,69,16,2.6,0.3,0.107,10,6.9,1,0.1,50.93,1,5,5,29,13.4,v2_lr,0
149775,2026-09-21,徳山,6,4816,5.62,38.7,0.4444,0.4444,9,A2,0.12,3,69,10,3.7,0.2,0.171,10,6.94,0.4286,0.01,21.79,0.0228,5,5,29,13.57,v2_lr,0
149776,2026-09-21,徳山,1,4757,7.05,49.2,0.125,0.125,8,A1,0.16,78,105,91,2.6,0.4,0.116,10,6.93,0.0909,0.06,30.17,0.4748,4,4,30,30.57,v2_lr,1
149776,2026-09-21,徳山,2,4136,6.66,46.8,,,0,A1,0.17,13,67,36,3.7,0,0.177,10,6.9,0.3636,0.15,19.23,0,4,4,30,8.22,v2_lr,0
149776,2026-09-21,徳山,3,4388,5.94,38.6,0.12,0.28,25,A2,0.17,14,88,39,3,0.4,0.151,10,6.94,0,0.24,35.59,0.7101,4,4,30,8.93,v2_lr,0
149776,2026-09-21,徳山,4,4624,6.59,51.6,0.7,0.8,10,A1,0.16,16,59,31,3.4,0.1,0.153,10,6.93,0.0909,0.11,30.11,0.4722,4,4,30,32.78,v2_lr,0
149776,2026-09-21,徳山,5,4702,6.36,51.6,0.3077,0.4615,13,A1,0.15,13,64,19,2.9,0.4,0.122,10,6.9,0.3636,0.14,42.27,1,4,4,30,14.79,v2_lr,0
149776,2026-09-21,徳山,6,4079,5.6,35.7,0.1111,0.4444,9,A2,0.19,2,84,8,3.9,0.2,0.135,10,6.83,1,0.08,29.11,0.4288,4,4,30,4.71,v2_lr,0
